program,dut_iss_consistent,dut_cycles
fz_k_2001,True,10577
fz_k_2002,True,10867
fz_k_2003,True,10520
fz_k_2004,True,9106
fz_k_2005,True,10169
fz_k_2006,True,9921
fz_k_2007,True,9664
fz_k_2008,True,10396
fz_k_2009,True,10339
fz_k_2010,True,10610
fz_k_2011,True,11737
fz_k_2012,True,8994
fz_k_2013,True,9757
fz_k_2014,True,10652
fz_k_2015,True,10870
fz_k_2016,True,10602
fz_k_2017,True,10218
fz_k_2018,True,10813
fz_k_2019,True,10649
fz_k_2020,True,10520
fz_k_2021,True,9338
fz_k_2022,True,10192
fz_k_2023,True,9454
fz_k_2024,True,9717
fz_k_2025,True,10263
fz_k_2026,True,10962
fz_k_2027,True,10449
fz_k_2028,True,9954
fz_k_2029,True,9916
fz_k_2030,True,9920
fz_k_2031,True,10102
fz_k_2032,True,11460
fz_k_2033,True,10386
fz_k_2034,True,9988
fz_k_2035,True,10368
fz_k_2036,True,9535
fz_k_2037,True,9801
fz_k_2038,True,10953
fz_k_2039,True,10038
fz_k_2040,True,9962
fz_k_2041,True,10593
fz_k_2042,True,10716
fz_k_2043,True,10825
fz_k_2044,True,9748
fz_k_2045,True,9598
fz_k_2046,True,10436
fz_k_2047,True,9467
fz_k_2048,True,10134
fz_k_2049,True,10738
fz_k_2050,True,11047
fz_k_2051,True,10482
fz_k_2052,True,10782
fz_k_2053,True,9753
fz_k_2054,True,10226
fz_k_2055,True,9689
fz_k_2056,True,10905
fz_k_2057,True,10266
fz_k_2058,True,10789
fz_k_2059,True,10178
fz_k_2060,True,10602
fz_k_2061,True,10534
fz_k_2062,True,10207
fz_k_2063,True,10009
fz_k_2064,True,10339
fz_k_2065,True,10104
fz_k_2066,True,11035
fz_k_2067,True,9327
fz_k_2068,True,11766
fz_k_2069,True,10738
fz_k_2070,True,10732
fz_k_2071,True,10990
fz_k_2072,True,10199
fz_k_2073,True,11184
fz_k_2074,True,9849
fz_k_2075,True,9679
fz_k_2076,True,9466
fz_k_2077,True,10200
fz_k_2078,True,10617
fz_k_2079,True,10276
fz_k_2080,True,9941
fz_k_2081,True,10936
fz_k_2082,True,10695
fz_k_2083,True,9836
fz_k_2084,True,11182
fz_k_2085,True,9877
fz_k_2086,True,10013
fz_k_2087,True,9641
fz_k_2088,True,10040
fz_k_2089,True,9759
fz_k_2090,True,11472
fz_k_2091,True,10628
fz_k_2092,True,9363
fz_k_2093,True,11516
fz_k_2094,True,9911
fz_k_2095,True,9571
fz_k_2096,True,9788
fz_k_2097,True,11763
fz_k_2098,True,9655
fz_k_2099,True,10005
fz_k_2100,True,10489
fz_k_2101,True,10854
fz_k_2102,True,11253
fz_k_2103,True,9456
fz_k_2104,True,10110
fz_k_2105,True,10448
fz_k_2106,True,11109
fz_k_2107,True,10056
fz_k_2108,True,10078
fz_k_2109,True,10676
fz_k_2110,True,9929
fz_k_2111,True,10508
fz_k_2112,True,10626
fz_k_2113,True,10822
fz_k_2114,True,10088
fz_k_2115,True,9450
fz_k_2116,True,10903
fz_k_2117,True,9903
fz_k_2118,True,10668
fz_k_2119,True,10458
fz_k_2120,True,9651
fz_k_2121,True,9746
fz_k_2122,True,10424
fz_k_2123,True,10905
fz_k_2124,True,10428
fz_k_2125,True,10204
fz_k_2126,True,9708
fz_k_2127,True,10303
fz_k_2128,True,9754
fz_k_2129,True,10541
fz_k_2130,True,11581
fz_k_2131,True,10448
fz_k_2132,True,10351
fz_k_2133,True,9871
fz_k_2134,True,10844
fz_k_2135,True,9996
fz_k_2136,True,11803
fz_k_2137,True,10481
fz_k_2138,True,9440
fz_k_2139,True,9779
fz_k_2140,True,10278
fz_k_2141,True,10276
fz_k_2142,True,9491
fz_k_2143,True,11049
fz_k_2144,True,10257
fz_k_2145,True,10373
fz_k_2146,True,10690
fz_k_2147,True,10084
fz_k_2148,True,10936
fz_k_2149,True,9224
fz_k_2150,True,9782
fz_k_2151,True,9642
fz_k_2152,True,10162
fz_k_2153,True,10918
fz_k_2154,True,11094
fz_k_2155,True,10036
fz_k_2156,True,9846
fz_k_2157,True,10391
fz_k_2158,True,10408
fz_k_2159,True,10285
fz_k_2160,True,10748
fz_k_2161,True,9266
fz_k_2162,True,9874
fz_k_2163,True,9519
fz_k_2164,True,10613
fz_k_2165,True,10424
fz_k_2166,True,11428
fz_k_2167,True,10260
fz_k_2168,True,10869
fz_k_2169,True,10747
fz_k_2170,True,10200
fz_k_2171,True,10287
fz_k_2172,True,10051
fz_k_2173,True,10017
fz_k_2174,True,9962
fz_k_2175,True,9794
fz_k_2176,True,11016
fz_k_2177,True,11676
fz_k_2178,True,9786
fz_k_2179,True,10168
fz_k_2180,True,10607
fz_k_2181,True,11032
fz_k_2182,True,10027
fz_k_2183,True,10273
fz_k_2184,True,10972
fz_k_2185,True,10417
fz_k_2186,True,10285
fz_k_2187,True,10105
fz_k_2188,True,9965
fz_k_2189,True,10205
fz_k_2190,True,10106
fz_k_2191,True,10688
fz_k_2192,True,10646
fz_k_2193,True,9956
fz_k_2194,True,11408
fz_k_2195,True,9693
fz_k_2196,True,9824
fz_k_2197,True,10038
fz_k_2198,True,10053
fz_k_2199,True,9890
fz_k_2200,True,10357
fz_k_2201,True,9032
fz_k_2202,True,11176
fz_k_2203,True,11486
fz_k_2204,True,10142
fz_k_2205,True,10392
fz_k_2206,True,11238
fz_k_2207,True,9647
fz_k_2208,True,10596
fz_k_2209,True,9707
fz_k_2210,True,10781
fz_k_2211,True,9805
fz_k_2212,True,11673
fz_k_2213,True,10396
fz_k_2214,True,10089
fz_k_2215,True,10038
fz_k_2216,True,9755
fz_k_2217,True,11023
fz_k_2218,True,9769
fz_k_2219,True,10923
fz_k_2220,True,10434
fz_k_2221,True,10089
fz_k_2222,True,10244
fz_k_2223,True,10489
fz_k_2224,True,10688
fz_k_2225,True,10375
fz_k_2226,True,9174
fz_k_2227,True,10156
fz_k_2228,True,11150
fz_k_2229,True,9850
fz_k_2230,True,9214
fz_k_2231,True,10476
fz_k_2232,True,11381
fz_k_2233,True,9867
fz_k_2234,True,10391
fz_k_2235,True,10952
fz_k_2236,True,10138
fz_k_2237,True,10701
fz_k_2238,True,9927
fz_k_2239,True,11161
fz_k_2240,True,9941
fz_k_2241,True,10161
fz_k_2242,True,10882
fz_k_2243,True,9748
fz_k_2244,True,10169
fz_k_2245,True,11800
fz_k_2246,True,10618
fz_k_2247,True,11000
fz_k_2248,True,9753
fz_k_2249,True,9982
fz_k_2250,True,11014
fz_k_2251,True,9358
fz_k_2252,True,11063
fz_k_2253,True,9927
fz_k_2254,True,10369
fz_k_2255,True,10403
fz_k_2256,True,9945
fz_k_2257,True,9688
fz_k_2258,True,10752
fz_k_2259,True,10358
fz_k_2260,True,10480
fz_k_2261,True,9611
fz_k_2262,True,9944
fz_k_2263,True,10938
fz_k_2264,True,9908
fz_k_2265,True,12235
fz_k_2266,True,9299
fz_k_2267,True,11351
fz_k_2268,True,10770
fz_k_2269,True,11190
fz_k_2270,True,9680
fz_k_2271,True,9223
fz_k_2272,True,10761
fz_k_2273,True,10967
fz_k_2274,True,9885
fz_k_2275,True,9568
fz_k_2276,True,9915
fz_k_2277,True,9668
fz_k_2278,True,10195
fz_k_2279,True,10694
fz_k_2280,True,10796
fz_k_2281,True,10522
fz_k_2282,True,10153
fz_k_2283,True,9484
fz_k_2284,True,10855
fz_k_2285,True,10083
fz_k_2286,True,10668
fz_k_2287,True,10140
fz_k_2288,True,10252
fz_k_2289,True,9540
fz_k_2290,True,9288
fz_k_2291,True,9284
fz_k_2292,True,9614
fz_k_2293,True,9975
fz_k_2294,True,10698
fz_k_2295,True,10355
fz_k_2296,True,9822
fz_k_2297,True,10399
fz_k_2298,True,10245
fz_k_2299,True,10799
fz_k_2300,True,10582
fz_k_2301,True,10805
fz_k_2302,True,10283
fz_k_2303,True,10095
fz_k_2304,True,11130
fz_k_2305,True,9956
fz_k_2306,True,10958
fz_k_2307,True,10102
fz_k_2308,True,10184
fz_k_2309,True,10290
fz_k_2310,True,10664
fz_k_2311,True,10196
fz_k_2312,True,9467
fz_k_2313,True,9786
fz_k_2314,True,9612
fz_k_2315,True,10180
fz_k_2316,True,11350
fz_k_2317,True,11096
fz_k_2318,True,11276
fz_k_2319,True,9831
fz_k_2320,True,11478
fz_k_2321,True,10364
fz_k_2322,True,10187
fz_k_2323,True,10301
fz_k_2324,True,10747
fz_k_2325,True,10594
fz_k_2326,True,9128
fz_k_2327,True,9198
fz_k_2328,True,11381
fz_k_2329,True,10582
fz_k_2330,True,10616
fz_k_2331,True,10345
fz_k_2332,True,10267
fz_k_2333,True,9799
fz_k_2334,True,11206
fz_k_2335,True,9970
fz_k_2336,True,10901
fz_k_2337,True,11944
fz_k_2338,True,10249
fz_k_2339,True,10290
fz_k_2340,True,11187
fz_k_2341,True,9323
fz_k_2342,True,9668
fz_k_2343,True,9359
fz_k_2344,True,10040
fz_k_2345,True,9560
fz_k_2346,True,10121
fz_k_2347,True,10349
fz_k_2348,True,10356
fz_k_2349,True,9739
fz_k_2350,True,10137
fz_k_2351,True,9692
fz_k_2352,True,10111
fz_k_2353,True,9970
fz_k_2354,True,10044
fz_k_2355,True,9881
fz_k_2356,True,10478
fz_k_2357,True,10778
fz_k_2358,True,9436
fz_k_2359,True,10800
fz_k_2360,True,9781
fz_k_2361,True,9976
fz_k_2362,True,10023
fz_k_2363,True,9810
fz_k_2364,True,9207
fz_k_2365,True,9704
fz_k_2366,True,9582
fz_k_2367,True,10515
fz_k_2368,True,10048
fz_k_2369,True,10038
fz_k_2370,True,11392
fz_k_2371,True,10150
fz_k_2372,True,10301
fz_k_2373,True,10633
fz_k_2374,True,10954
fz_k_2375,True,9895
fz_k_2376,True,10180
fz_k_2377,True,10642
fz_k_2378,True,10691
fz_k_2379,True,11000
fz_k_2380,True,11231
fz_k_2381,True,9844
fz_k_2382,True,10990
fz_k_2383,True,9880
fz_k_2384,True,10050
fz_k_2385,True,9560
fz_k_2386,True,11611
fz_k_2387,True,9902
fz_k_2388,True,10123
fz_k_2389,True,9953
fz_k_2390,True,9639
fz_k_2391,True,10894
fz_k_2392,True,10341
fz_k_2393,True,10455
fz_k_2394,True,9930
fz_k_2395,True,10311
fz_k_2396,True,11214
fz_k_2397,True,9351
fz_k_2398,True,11085
fz_k_2399,True,10240
fz_k_2400,True,10458
fz_k_2401,True,10645
fz_k_2402,True,10382
fz_k_2403,True,10068
fz_k_2404,True,9541
fz_k_2405,True,9987
fz_k_2406,True,9986
fz_k_2407,True,10722
fz_k_2408,True,9674
fz_k_2409,True,9650
fz_k_2410,True,10197
fz_k_2411,True,10204
fz_k_2412,True,10863
fz_k_2413,True,10752
fz_k_2414,True,9423
fz_k_2415,True,9279
fz_k_2416,True,10230
fz_k_2417,True,11461
fz_k_2418,True,10097
fz_k_2419,True,10935
fz_k_2420,True,10947
fz_k_2421,True,10917
fz_k_2422,True,9850
fz_k_2423,True,10487
fz_k_2424,True,9805
fz_k_2425,True,9875
fz_k_2426,True,10408
fz_k_2427,True,9592
fz_k_2428,True,10206
fz_k_2429,True,10387
fz_k_2430,True,10878
fz_k_2431,True,9625
fz_k_2432,True,10616
fz_k_2433,True,10485
fz_k_2434,True,9525
fz_k_2435,True,10762
fz_k_2436,True,10409
fz_k_2437,True,10746
fz_k_2438,True,10583
fz_k_2439,True,10053
fz_k_2440,True,9920
fz_k_2441,True,10643
fz_k_2442,True,10381
fz_k_2443,True,9877
fz_k_2444,True,10489
fz_k_2445,True,11077
fz_k_2446,True,9634
fz_k_2447,True,9801
fz_k_2448,True,9835
fz_k_2449,True,10174
fz_k_2450,True,10535
fz_k_2451,True,10523
fz_k_2452,True,9684
fz_k_2453,True,9959
fz_k_2454,True,10478
fz_k_2455,True,12349
fz_k_2456,True,10476
fz_k_2457,True,10648
fz_k_2458,True,10443
fz_k_2459,True,10371
fz_k_2460,True,10415
fz_k_2461,True,8484
fz_k_2462,True,11624
fz_k_2463,True,10130
fz_k_2464,True,10815
fz_k_2465,True,10168
fz_k_2466,True,10872
fz_k_2467,True,10346
fz_k_2468,True,10951
fz_k_2469,True,10187
fz_k_2470,True,10780
fz_k_2471,True,10236
fz_k_2472,True,9892
fz_k_2473,True,10037
fz_k_2474,True,10055
fz_k_2475,True,10046
fz_k_2476,True,10707
fz_k_2477,True,11089
fz_k_2478,True,10169
fz_k_2479,True,9925
fz_k_2480,True,10954
fz_k_2481,True,10330
fz_k_2482,True,10486
fz_k_2483,True,10797
fz_k_2484,True,10034
fz_k_2485,True,9736
fz_k_2486,True,9519
fz_k_2487,True,9924
fz_k_2488,True,9800
fz_k_2489,True,9849
fz_k_2490,True,10376
fz_k_2491,True,10173
fz_k_2492,True,10366
fz_k_2493,True,10429
fz_k_2494,True,9843
fz_k_2495,True,9946
fz_k_2496,True,10032
fz_k_2497,True,10577
fz_k_2498,True,10041
fz_k_2499,True,10393
fz_k_2500,True,9819
fz_k_2501,True,10149
fz_k_2502,True,9305
fz_k_2503,True,9772
fz_k_2504,True,11448
fz_k_2505,True,9247
fz_k_2506,True,8626
fz_k_2507,True,10355
fz_k_2508,True,11786
fz_k_2509,True,9806
fz_k_2510,True,10365
fz_k_2511,True,11391
fz_k_2512,True,10224
fz_k_2513,True,9887
fz_k_2514,True,10557
fz_k_2515,True,10328
fz_k_2516,True,10891
fz_k_2517,True,9864
fz_k_2518,True,9476
fz_k_2519,True,11526
fz_k_2520,True,9749
fz_k_2521,True,10323
fz_k_2522,True,10786
fz_k_2523,True,10240
fz_k_2524,True,10461
fz_k_2525,True,9580
fz_k_2526,True,9145
fz_k_2527,True,11398
fz_k_2528,True,10675
fz_k_2529,True,9923
fz_k_2530,True,11059
fz_k_2531,True,11312
fz_k_2532,True,10870
fz_k_2533,True,10951
fz_k_2534,True,9618
fz_k_2535,True,11256
fz_k_2536,True,10347
fz_k_2537,True,10115
fz_k_2538,True,10557
fz_k_2539,True,11108
fz_k_2540,True,9535
fz_k_2541,True,10642
fz_k_2542,True,10078
fz_k_2543,True,10731
fz_k_2544,True,10414
fz_k_2545,True,8991
fz_k_2546,True,9551
fz_k_2547,True,10747
fz_k_2548,True,10145
fz_k_2549,True,9856
fz_k_2550,True,10245
fz_k_2551,True,9953
fz_k_2552,True,10797
fz_k_2553,True,10522
fz_k_2554,True,10111
fz_k_2555,True,10069
fz_k_2556,True,10906
fz_k_2557,True,11213
fz_k_2558,True,10247
fz_k_2559,True,9395
fz_k_2560,True,10659
fz_k_2561,True,9924
fz_k_2562,True,9837
fz_k_2563,True,10252
fz_k_2564,True,10340
fz_k_2565,True,9894
fz_k_2566,True,9735
fz_k_2567,True,9437
fz_k_2568,True,11334
fz_k_2569,True,9737
fz_k_2570,True,10683
fz_k_2571,True,11082
fz_k_2572,True,10782
fz_k_2573,True,9960
fz_k_2574,True,10796
fz_k_2575,True,10460
fz_k_2576,True,9675
fz_k_2577,True,10509
fz_k_2578,True,9557
fz_k_2579,True,10101
fz_k_2580,True,10194
fz_k_2581,True,10682
fz_k_2582,True,10532
fz_k_2583,True,10366
fz_k_2584,True,10355
fz_k_2585,True,10849
fz_k_2586,True,11507
fz_k_2587,True,10617
fz_k_2588,True,10254
fz_k_2589,True,11044
fz_k_2590,True,10901
fz_k_2591,True,9335
fz_k_2592,True,9454
fz_k_2593,True,10062
fz_k_2594,True,10703
fz_k_2595,True,9974
fz_k_2596,True,9694
fz_k_2597,True,10178
fz_k_2598,True,11507
fz_k_2599,True,10087
fz_k_2600,True,10890
fz_k_2601,True,10766
fz_k_2602,True,10550
fz_k_2603,True,10227
fz_k_2604,True,9837
fz_k_2605,True,11557
fz_k_2606,True,10713
fz_k_2607,True,10235
fz_k_2608,True,9700
fz_k_2609,True,10080
fz_k_2610,True,9543
fz_k_2611,True,10049
fz_k_2612,True,10891
fz_k_2613,True,10186
fz_k_2614,True,10741
fz_k_2615,True,10926
fz_k_2616,True,9344
fz_k_2617,True,10304
fz_k_2618,True,11346
fz_k_2619,True,9224
fz_k_2620,True,9899
fz_k_2621,True,10393
fz_k_2622,True,10762
fz_k_2623,True,11104
fz_k_2624,True,9895
fz_k_2625,True,10586
fz_k_2626,True,10123
fz_k_2627,True,9472
fz_k_2628,True,9925
fz_k_2629,True,8775
fz_k_2630,True,10776
fz_k_2631,True,10704
fz_k_2632,True,11154
fz_k_2633,True,9602
fz_k_2634,True,11485
fz_k_2635,True,10059
fz_k_2636,True,9852
fz_k_2637,True,10150
fz_k_2638,True,9809
fz_k_2639,True,10785
fz_k_2640,True,11080
fz_k_2641,True,10089
fz_k_2642,True,10967
fz_k_2643,True,10234
fz_k_2644,True,9487
fz_k_2645,True,10418
fz_k_2646,True,10776
fz_k_2647,True,11136
fz_k_2648,True,10128
fz_k_2649,True,11210
fz_k_2650,True,10992
fz_k_2651,True,9414
fz_k_2652,True,10855
fz_k_2653,True,11035
fz_k_2654,True,9335
fz_k_2655,True,10049
fz_k_2656,True,10062
fz_k_2657,True,10372
fz_k_2658,True,9590
fz_k_2659,True,9669
fz_k_2660,True,10476
fz_k_2661,True,9663
fz_k_2662,True,10482
fz_k_2663,True,10426
fz_k_2664,True,10981
fz_k_2665,True,9895
fz_k_2666,True,9778
fz_k_2667,True,10509
fz_k_2668,True,10968
fz_k_2669,True,10043
fz_k_2670,True,10512
fz_k_2671,True,9988
fz_k_2672,True,11750
fz_k_2673,True,10423
fz_k_2674,True,10853
fz_k_2675,True,9557
fz_k_2676,True,9573
fz_k_2677,True,10806
fz_k_2678,True,10046
fz_k_2679,True,9517
fz_k_2680,True,9858
fz_k_2681,True,10248
fz_k_2682,True,10042
fz_k_2683,True,10337
fz_k_2684,True,9862
fz_k_2685,True,10417
fz_k_2686,True,10761
fz_k_2687,True,10570
fz_k_2688,True,11299
fz_k_2689,True,10105
fz_k_2690,True,10735
fz_k_2691,True,9803
fz_k_2692,True,10125
fz_k_2693,True,9133
fz_k_2694,True,10316
fz_k_2695,True,10836
fz_k_2696,True,10519
fz_k_2697,True,9748
fz_k_2698,True,10069
fz_k_2699,True,9752
fz_k_2700,True,10456
fz_k_2701,True,10813
fz_k_2702,True,10074
fz_k_2703,True,10904
fz_k_2704,True,10554
fz_k_2705,True,9419
fz_k_2706,True,10124
fz_k_2707,True,9648
fz_k_2708,True,10099
fz_k_2709,True,10744
fz_k_2710,True,10100
fz_k_2711,True,11331
fz_k_2712,True,10075
fz_k_2713,True,10811
fz_k_2714,True,10695
fz_k_2715,True,9755
fz_k_2716,True,10381
fz_k_2717,True,9864
fz_k_2718,True,11202
fz_k_2719,True,10374
fz_k_2720,True,11118
fz_k_2721,True,10526
fz_k_2722,True,10181
fz_k_2723,True,10460
fz_k_2724,True,10378
fz_k_2725,True,10066
fz_k_2726,True,10652
fz_k_2727,True,10885
fz_k_2728,True,10437
fz_k_2729,True,9788
fz_k_2730,True,9518
fz_k_2731,True,9600
fz_k_2732,True,10051
fz_k_2733,True,9685
fz_k_2734,True,10263
fz_k_2735,True,10126
fz_k_2736,True,9626
fz_k_2737,True,10216
fz_k_2738,True,9750
fz_k_2739,True,9323
fz_k_2740,True,9705
fz_k_2741,True,9451
fz_k_2742,True,9420
fz_k_2743,True,10266
fz_k_2744,True,9662
fz_k_2745,True,11074
fz_k_2746,True,9939
fz_k_2747,True,10507
fz_k_2748,True,10474
fz_k_2749,True,10459
fz_k_2750,True,10381
fz_k_2751,True,10273
fz_k_2752,True,10776
fz_k_2753,True,9736
fz_k_2754,True,10537
fz_k_2755,True,10621
fz_k_2756,True,9995
fz_k_2757,True,10687
fz_k_2758,True,10515
fz_k_2759,True,10398
fz_k_2760,True,11601
fz_k_2761,True,10144
fz_k_2762,True,10387
fz_k_2763,True,10819
fz_k_2764,True,10347
fz_k_2765,True,10921
fz_k_2766,True,9033
fz_k_2767,True,9354
fz_k_2768,True,9899
fz_k_2769,True,10513
fz_k_2770,True,10443
fz_k_2771,True,10770
fz_k_2772,True,10839
fz_k_2773,True,10992
fz_k_2774,True,11215
fz_k_2775,True,9999
fz_k_2776,True,10032
fz_k_2777,True,10465
fz_k_2778,True,10104
fz_k_2779,True,10086
fz_k_2780,True,10707
fz_k_2781,True,9741
fz_k_2782,True,10166
fz_k_2783,True,9947
fz_k_2784,True,10507
fz_k_2785,True,9243
fz_k_2786,True,11283
fz_k_2787,True,10283
fz_k_2788,True,10807
fz_k_2789,True,9594
fz_k_2790,True,9579
fz_k_2791,True,10492
fz_k_2792,True,9551
fz_k_2793,True,9924
fz_k_2794,True,10402
fz_k_2795,True,10162
fz_k_2796,True,9800
fz_k_2797,True,9793
fz_k_2798,True,11321
fz_k_2799,True,10242
fz_k_2800,True,10615
fz_k_2801,True,10235
fz_k_2802,True,10466
fz_k_2803,True,10238
fz_k_2804,True,10509
fz_k_2805,True,10290
fz_k_2806,True,10348
fz_k_2807,True,11580
fz_k_2808,True,11417
fz_k_2809,True,8860
fz_k_2810,True,10195
fz_k_2811,True,10741
fz_k_2812,True,10853
fz_k_2813,True,10911
fz_k_2814,True,9482
fz_k_2815,True,10480
fz_k_2816,True,10569
fz_k_2817,True,10216
fz_k_2818,True,10011
fz_k_2819,True,10095
fz_k_2820,True,9951
fz_k_2821,True,9981
fz_k_2822,True,10283
fz_k_2823,True,10652
fz_k_2824,True,10176
fz_k_2825,True,10203
fz_k_2826,True,9258
fz_k_2827,True,10097
fz_k_2828,True,10414
fz_k_2829,True,10806
fz_k_2830,True,10372
fz_k_2831,True,10844
fz_k_2832,True,11387
fz_k_2833,True,9212
fz_k_2834,True,9651
fz_k_2835,True,9722
fz_k_2836,True,11311
fz_k_2837,True,9396
fz_k_2838,True,10560
fz_k_2839,True,11010
fz_k_2840,True,10242
fz_k_2841,True,9739
fz_k_2842,True,9342
fz_k_2843,True,10168
fz_k_2844,True,9946
fz_k_2845,True,11286
fz_k_2846,True,9501
fz_k_2847,True,10130
fz_k_2848,True,11344
fz_k_2849,True,11451
fz_k_2850,True,10064
fz_k_2851,True,10077
fz_k_2852,True,9638
fz_k_2853,True,10266
fz_k_2854,True,10127
fz_k_2855,True,9414
fz_k_2856,True,9676
fz_k_2857,True,9125
fz_k_2858,True,9732
fz_k_2859,True,11374
fz_k_2860,True,11610
fz_k_2861,True,10585
fz_k_2862,True,9962
fz_k_2863,True,11154
fz_k_2864,True,10739
fz_k_2865,True,10429
fz_k_2866,True,10753
fz_k_2867,True,11068
fz_k_2868,True,10153
fz_k_2869,True,10303
fz_k_2870,True,10227
fz_k_2871,True,10333
fz_k_2872,True,8929
fz_k_2873,True,9690
fz_k_2874,True,9966
fz_k_2875,True,9635
fz_k_2876,True,10495
fz_k_2877,True,10170
fz_k_2878,True,10353
fz_k_2879,True,10488
fz_k_2880,True,9676
fz_k_2881,True,9878
fz_k_2882,True,11451
fz_k_2883,True,10457
fz_k_2884,True,10447
fz_k_2885,True,10151
fz_k_2886,True,10408
fz_k_2887,True,9955
fz_k_2888,True,10751
fz_k_2889,True,10655
fz_k_2890,True,10881
fz_k_2891,True,10004
fz_k_2892,True,10411
fz_k_2893,True,10026
fz_k_2894,True,10656
fz_k_2895,True,11694
fz_k_2896,True,10153
fz_k_2897,True,11225
fz_k_2898,True,10959
fz_k_2899,True,9722
fz_k_2900,True,10813
fz_k_2901,True,10719
fz_k_2902,True,9952
fz_k_2903,True,10040
fz_k_2904,True,9429
fz_k_2905,True,10045
fz_k_2906,True,11027
fz_k_2907,True,11088
fz_k_2908,True,9703
fz_k_2909,True,10438
fz_k_2910,True,10121
fz_k_2911,True,10115
fz_k_2912,True,9135
fz_k_2913,True,10805
fz_k_2914,True,9376
fz_k_2915,True,9950
fz_k_2916,True,10534
fz_k_2917,True,9471
fz_k_2918,True,10055
fz_k_2919,True,10711
fz_k_2920,True,9768
fz_k_2921,True,10847
fz_k_2922,True,10583
fz_k_2923,True,9413
fz_k_2924,True,10515
fz_k_2925,True,11048
fz_k_2926,True,11038
fz_k_2927,True,9964
fz_k_2928,True,12312
fz_k_2929,True,10072
fz_k_2930,True,9644
fz_k_2931,True,10372
fz_k_2932,True,9529
fz_k_2933,True,10829
fz_k_2934,True,10528
fz_k_2935,True,10916
fz_k_2936,True,10288
fz_k_2937,True,10682
fz_k_2938,True,9818
fz_k_2939,True,10378
fz_k_2940,True,11172
fz_k_2941,True,10071
fz_k_2942,True,10168
fz_k_2943,True,11019
fz_k_2944,True,10122
fz_k_2945,True,9904
fz_k_2946,True,10928
fz_k_2947,True,10526
fz_k_2948,True,10124
fz_k_2949,True,10757
fz_k_2950,True,10997
fz_k_2951,True,10666
fz_k_2952,True,10709
fz_k_2953,True,10163
fz_k_2954,True,10107
fz_k_2955,True,10639
fz_k_2956,True,9662
fz_k_2957,True,10174
fz_k_2958,True,9157
fz_k_2959,True,9422
fz_k_2960,True,10580
fz_k_2961,True,10528
fz_k_2962,True,9731
fz_k_2963,True,10074
fz_k_2964,True,10640
fz_k_2965,True,10092
fz_k_2966,True,9878
fz_k_2967,True,10082
fz_k_2968,True,11098
fz_k_2969,True,10487
fz_k_2970,True,10249
fz_k_2971,True,11044
fz_k_2972,True,10376
fz_k_2973,True,9875
fz_k_2974,True,10026
fz_k_2975,True,10980
fz_k_2976,True,10557
fz_k_2977,True,10222
fz_k_2978,True,9956
fz_k_2979,True,10067
fz_k_2980,True,9034
fz_k_2981,True,9833
fz_k_2982,True,10297
fz_k_2983,True,9499
fz_k_2984,True,10483
fz_k_2985,True,10851
fz_k_2986,True,10310
fz_k_2987,True,10951
fz_k_2988,True,10567
fz_k_2989,True,11140
fz_k_2990,True,9575
fz_k_2991,True,10196
fz_k_2992,True,10796
fz_k_2993,True,10109
fz_k_2994,True,10293
fz_k_2995,True,10339
fz_k_2996,True,10178
fz_k_2997,True,11618
fz_k_2998,True,10505
fz_k_2999,True,12456
fz_k_3000,True,11414
