variant,seeds,program,dut_iss_consistent,golden_iss_consistent,dut_cycles,golden_cycles
i,101-160,fz_i_101,True,True,10129,10114
i,101-160,fz_i_102,True,True,9985,9990
i,101-160,fz_i_103,True,True,10841,10827
i,101-160,fz_i_104,True,True,10246,10240
i,101-160,fz_i_105,True,True,10192,10194
i,101-160,fz_i_106,True,True,10433,10438
i,101-160,fz_i_107,True,True,9191,9187
i,101-160,fz_i_108,True,True,11152,11150
i,101-160,fz_i_109,True,True,9797,9796
i,101-160,fz_i_110,True,True,9886,9885
i,101-160,fz_i_111,True,True,10432,10434
i,101-160,fz_i_112,True,True,10423,10422
i,101-160,fz_i_113,True,True,10655,10653
i,101-160,fz_i_114,True,True,10631,10630
i,101-160,fz_i_115,True,True,10939,10936
i,101-160,fz_i_116,True,True,10881,10885
i,101-160,fz_i_117,True,True,10850,10852
i,101-160,fz_i_118,True,True,11321,11326
i,101-160,fz_i_119,True,True,10982,10975
i,101-160,fz_i_120,True,True,10679,10680
i,101-160,fz_i_121,True,True,9950,9947
i,101-160,fz_i_122,True,True,9669,9656
i,101-160,fz_i_123,True,True,10877,10877
i,101-160,fz_i_124,True,True,10496,10495
i,101-160,fz_i_125,True,True,10994,10993
i,101-160,fz_i_126,True,True,10299,10308
i,101-160,fz_i_127,True,True,9712,9726
i,101-160,fz_i_128,True,True,11966,11962
i,101-160,fz_i_129,True,True,10823,10823
i,101-160,fz_i_130,True,True,10715,10724
i,101-160,fz_i_131,True,True,11159,11148
i,101-160,fz_i_132,True,True,10865,10862
i,101-160,fz_i_133,True,True,10261,10244
i,101-160,fz_i_134,True,True,10069,10087
i,101-160,fz_i_135,True,True,10015,10022
i,101-160,fz_i_136,True,True,10022,10021
i,101-160,fz_i_137,True,True,10421,10414
i,101-160,fz_i_138,True,True,9384,9382
i,101-160,fz_i_139,True,True,10429,10432
i,101-160,fz_i_140,True,True,9389,9389
i,101-160,fz_i_141,True,True,10248,10257
i,101-160,fz_i_142,True,True,10065,10061
i,101-160,fz_i_143,True,True,10840,10837
i,101-160,fz_i_144,True,True,10670,10675
i,101-160,fz_i_145,True,True,9466,9456
i,101-160,fz_i_146,True,True,10017,10013
i,101-160,fz_i_147,True,True,9688,9686
i,101-160,fz_i_148,True,True,11160,11155
i,101-160,fz_i_149,True,True,10651,10641
i,101-160,fz_i_150,True,True,11633,11629
i,101-160,fz_i_151,True,True,10184,10179
i,101-160,fz_i_152,True,True,10630,10627
i,101-160,fz_i_153,True,True,10214,10214
i,101-160,fz_i_154,True,True,11136,11131
i,101-160,fz_i_155,True,True,10757,10756
i,101-160,fz_i_156,True,True,9975,9980
i,101-160,fz_i_157,True,True,12098,12095
i,101-160,fz_i_158,True,True,10445,10444
i,101-160,fz_i_159,True,True,11285,11273
i,101-160,fz_i_160,True,True,10187,10185
m,201-240,fz_m_201,True,,11057,
m,201-240,fz_m_202,True,,11699,
m,201-240,fz_m_203,True,,11810,
m,201-240,fz_m_204,True,,10796,
m,201-240,fz_m_205,True,,11192,
m,201-240,fz_m_206,True,,10800,
m,201-240,fz_m_207,True,,11212,
m,201-240,fz_m_208,True,,11503,
m,201-240,fz_m_209,True,,10958,
m,201-240,fz_m_210,True,,11949,
m,201-240,fz_m_211,True,,11371,
m,201-240,fz_m_212,True,,11361,
m,201-240,fz_m_213,True,,12207,
m,201-240,fz_m_214,True,,11401,
m,201-240,fz_m_215,True,,12800,
m,201-240,fz_m_216,True,,10861,
m,201-240,fz_m_217,True,,11324,
m,201-240,fz_m_218,True,,11707,
m,201-240,fz_m_219,True,,10464,
m,201-240,fz_m_220,True,,10950,
m,201-240,fz_m_221,True,,12155,
m,201-240,fz_m_222,True,,9984,
m,201-240,fz_m_223,True,,11856,
m,201-240,fz_m_224,True,,10965,
m,201-240,fz_m_225,True,,11022,
m,201-240,fz_m_226,True,,11887,
m,201-240,fz_m_227,True,,10688,
m,201-240,fz_m_228,True,,10604,
m,201-240,fz_m_229,True,,11191,
m,201-240,fz_m_230,True,,11116,
m,201-240,fz_m_231,True,,12745,
m,201-240,fz_m_232,True,,11011,
m,201-240,fz_m_233,True,,11047,
m,201-240,fz_m_234,True,,11400,
m,201-240,fz_m_235,True,,10373,
m,201-240,fz_m_236,True,,11901,
m,201-240,fz_m_237,True,,11637,
m,201-240,fz_m_238,True,,11330,
m,201-240,fz_m_239,True,,11624,
m,201-240,fz_m_240,True,,11371,
bp,301-360,fz_bp_301,True,,12199,
bp,301-360,fz_bp_302,True,,10464,
bp,301-360,fz_bp_303,True,,11060,
bp,301-360,fz_bp_304,True,,10987,
bp,301-360,fz_bp_305,True,,11729,
bp,301-360,fz_bp_306,True,,11186,
bp,301-360,fz_bp_307,True,,10474,
bp,301-360,fz_bp_308,True,,12035,
bp,301-360,fz_bp_309,True,,12093,
bp,301-360,fz_bp_310,True,,12031,
bp,301-360,fz_bp_311,True,,11416,
bp,301-360,fz_bp_312,True,,11974,
bp,301-360,fz_bp_313,True,,11520,
bp,301-360,fz_bp_314,True,,10414,
bp,301-360,fz_bp_315,True,,11660,
bp,301-360,fz_bp_316,True,,10732,
bp,301-360,fz_bp_317,True,,10513,
bp,301-360,fz_bp_318,True,,9732,
bp,301-360,fz_bp_319,True,,11971,
bp,301-360,fz_bp_320,True,,10763,
bp,301-360,fz_bp_321,True,,11954,
bp,301-360,fz_bp_322,True,,10576,
bp,301-360,fz_bp_323,True,,10735,
bp,301-360,fz_bp_324,True,,11461,
bp,301-360,fz_bp_325,True,,11045,
bp,301-360,fz_bp_326,True,,11100,
bp,301-360,fz_bp_327,True,,11971,
bp,301-360,fz_bp_328,True,,11513,
bp,301-360,fz_bp_329,True,,10645,
bp,301-360,fz_bp_330,True,,11224,
bp,301-360,fz_bp_331,True,,10622,
bp,301-360,fz_bp_332,True,,10871,
bp,301-360,fz_bp_333,True,,10890,
bp,301-360,fz_bp_334,True,,11633,
bp,301-360,fz_bp_335,True,,12088,
bp,301-360,fz_bp_336,True,,10459,
bp,301-360,fz_bp_337,True,,11150,
bp,301-360,fz_bp_338,True,,10545,
bp,301-360,fz_bp_339,True,,11386,
bp,301-360,fz_bp_340,True,,11061,
bp,301-360,fz_bp_341,True,,11051,
bp,301-360,fz_bp_342,True,,11911,
bp,301-360,fz_bp_343,True,,11420,
bp,301-360,fz_bp_344,True,,10888,
bp,301-360,fz_bp_345,True,,10206,
bp,301-360,fz_bp_346,True,,10283,
bp,301-360,fz_bp_347,True,,11819,
bp,301-360,fz_bp_348,True,,10069,
bp,301-360,fz_bp_349,True,,10748,
bp,301-360,fz_bp_350,True,,11613,
bp,301-360,fz_bp_351,True,,11855,
bp,301-360,fz_bp_352,True,,11394,
bp,301-360,fz_bp_353,True,,10496,
bp,301-360,fz_bp_354,True,,11465,
bp,301-360,fz_bp_355,True,,11352,
bp,301-360,fz_bp_356,True,,11140,
bp,301-360,fz_bp_357,True,,10994,
bp,301-360,fz_bp_358,True,,11380,
bp,301-360,fz_bp_359,True,,11777,
bp,301-360,fz_bp_360,True,,12160,
mt,401-430,fz_mt_401,True,True,10727,10713
mt,401-430,fz_mt_402,True,True,10140,10134
mt,401-430,fz_mt_403,True,True,10273,10281
mt,401-430,fz_mt_404,True,True,9879,9887
mt,401-430,fz_mt_405,True,True,10258,10253
mt,401-430,fz_mt_406,True,True,10421,10421
mt,401-430,fz_mt_407,True,True,10596,10591
mt,401-430,fz_mt_408,True,True,10647,10639
mt,401-430,fz_mt_409,True,True,10686,10676
mt,401-430,fz_mt_410,True,True,9532,9531
mt,401-430,fz_mt_411,True,True,11234,11231
mt,401-430,fz_mt_412,True,True,9174,9183
mt,401-430,fz_mt_413,True,True,9963,9968
mt,401-430,fz_mt_414,True,True,11420,11412
mt,401-430,fz_mt_415,True,True,9884,9883
mt,401-430,fz_mt_416,True,True,10741,10738
mt,401-430,fz_mt_417,True,True,10336,10334
mt,401-430,fz_mt_418,True,True,11272,11262
mt,401-430,fz_mt_419,True,True,10848,10844
mt,401-430,fz_mt_420,True,True,9536,9531
mt,401-430,fz_mt_421,True,True,10960,10950
mt,401-430,fz_mt_422,True,True,9188,9180
mt,401-430,fz_mt_423,True,True,9924,9914
mt,401-430,fz_mt_424,True,True,10753,10756
mt,401-430,fz_mt_425,True,True,9331,9328
mt,401-430,fz_mt_426,True,True,9961,9955
mt,401-430,fz_mt_427,True,True,11251,11239
mt,401-430,fz_mt_428,True,True,10060,10046
mt,401-430,fz_mt_429,True,True,12048,12042
mt,401-430,fz_mt_430,True,True,10874,10863
