program,family,dut_iss_consistent,golden_iss_consistent,dut_groups_bad,dut_violations,dut_notes,golden_groups_bad,golden_violations,golden_notes,dut_iterations,dut_trap_entries,dut_cycles,golden_iterations,golden_trap_entries,golden_cycles,dut_vs_golden_iterations,dut_vs_golden_differ
ctl_ext_0,ctl,True,True,0,0,0,0,0,0,350,525,59613,350,525,59578,350,41
ctl_timer_0,ctl,True,True,0,0,0,0,0,0,350,525,65436,350,525,65413,350,126
ctl_both_0,ctl,True,True,0,0,0,0,0,0,350,875,84666,350,875,85003,350,107
race_ext_0,race,True,False,0,2,24,0,1,24,109,70,96624,109,69,98073,109,13
race_timer_0,race,True,True,0,1,0,0,0,0,109,95,37974,109,94,39421,109,37
race_both_0,race,True,True,0,1,14,0,0,14,109,150,76574,109,149,78091,109,35
csr_ext_0,csr,True,False,0,0,0,148,0,0,2205,2205,322718,2205,2205,322487,2205,614
csr_timer_0,csr,True,True,0,0,0,0,0,0,1470,1470,237870,1470,1470,237806,1470,620
csr_timer_1,csr,True,False,0,0,0,143,0,0,735,735,119442,735,735,119413,735,382
csr_both_0,csr,True,True,0,0,0,0,0,0,1470,2940,318781,1470,2940,320204,1470,567
csr_both_1,csr,True,False,0,0,0,72,2,0,735,1470,160157,735,1470,160886,735,359
exc_ext_0,exc,True,True,0,0,0,0,0,0,673,1451,129970,673,1451,129869,673,20
exc_timer_0,exc,True,True,0,0,0,0,0,0,673,1451,141650,673,1451,141549,673,229
exc_both_0,exc,True,True,0,0,0,0,0,0,673,2124,178589,673,2124,179172,673,191
exc_mie0_ext_0,exc_mie0,True,True,0,0,0,0,0,0,673,1451,133199,673,1451,133199,673,1
exc_mie0_timer_0,exc_mie0,True,True,0,0,0,0,0,0,673,1451,143967,673,1451,143967,673,1
exc_mie0_both_0,exc_mie0,True,True,0,0,0,0,0,0,673,2124,180982,673,2124,180982,673,1
exc_mie0mpie0_ext_0,exc_mie0mpie0,True,True,0,0,0,0,0,0,673,1451,132526,673,1451,132526,673,1
exc_mie0mpie0_timer_0,exc_mie0mpie0,True,True,0,0,0,0,0,0,673,1451,143294,673,1451,143294,673,1
exc_mie0mpie0_both_0,exc_mie0mpie0,True,True,0,0,0,0,0,0,673,2124,180309,673,2124,180309,673,1
exc_mpie0_ext_0,exc_mpie0,True,True,0,0,0,0,0,0,673,1451,131316,673,1451,131215,673,20
exc_mpie0_timer_0,exc_mpie0,True,True,0,0,0,0,0,0,673,1451,142996,673,1451,142895,673,229
exc_mpie0_both_0,exc_mpie0,True,True,0,0,0,0,0,0,673,2124,179935,673,2124,180518,673,191
nested_ext_0,nested,True,True,0,0,0,0,0,0,269,616,58351,269,616,58342,269,51
nested_timer_0,nested,True,True,0,0,0,0,0,0,269,616,62617,269,616,62600,269,99
nested_both_0,nested,True,True,0,0,0,0,0,0,269,1084,88236,269,1084,88429,269,85
flow_ext_0,flow,True,True,0,0,0,0,0,0,875,875,130197,875,945,133123,875,224
flow_timer_0,flow,True,True,0,0,0,0,0,0,875,875,144128,875,945,147162,875,336
flow_both_0,flow,True,True,0,0,0,0,0,0,875,1610,182288,875,1680,186021,875,301
bus_ext_0,bus,True,False,0,0,0,8,0,0,1523,1801,309746,1523,1801,309809,1523,326
bus_timer_0,bus,True,False,0,0,0,5,0,0,1523,1801,333284,1523,1801,333233,1523,540
bus_both_0,bus,True,False,0,0,0,2,2,0,1523,3269,445590,1523,3269,446705,1523,486
pairs_ext_0,pairs,True,False,0,0,0,4,0,0,1276,1363,197899,1276,1363,197797,1276,256
pairs_ext_1,pairs,True,False,0,0,0,31,2,0,1537,1624,238123,1537,1624,237988,1537,287
pairs_ext_2,pairs,True,False,0,0,0,6,0,0,1624,1740,252037,1624,1740,251868,1624,353
pairs_ext_3,pairs,True,False,0,0,0,6,0,0,1392,1914,233990,1392,1914,233834,1392,479
pairs_ext_4,pairs,True,False,0,0,0,2,0,0,696,754,108378,696,754,108318,696,146
pairs_timer_0,pairs,True,False,0,0,0,2,0,0,1276,1363,218317,1276,1363,218265,1276,617
pairs_timer_1,pairs,True,False,0,0,0,18,2,0,1537,1624,262417,1537,1624,262342,1537,741
pairs_timer_2,pairs,True,False,0,0,0,3,0,0,1624,1740,278057,1624,1740,277978,1624,764
pairs_timer_3,pairs,True,False,0,0,0,3,0,0,1392,1914,256960,1392,1914,256856,1392,798
pairs_timer_4,pairs,True,False,0,0,0,1,0,0,696,754,119548,696,754,119528,696,317
pairs_both_0,pairs,True,False,0,0,0,2,2,0,1276,2639,288577,1276,2639,290121,1276,535
pairs_both_1,pairs,True,False,0,0,0,2,2,0,1015,2088,229555,1015,2088,230830,1015,433
pairs_both_2,pairs,True,False,0,0,0,2,2,0,1218,2523,276033,1218,2523,277533,1218,483
pairs_both_3,pairs,True,False,0,0,0,2,2,0,1334,2755,301550,1334,2755,303155,1334,579
pairs_both_4,pairs,True,False,0,0,0,2,2,0,1102,2697,267585,1102,2697,268871,1102,572
pairs_both_5,pairs,True,False,0,0,0,2,2,0,580,1218,131998,580,1218,132706,580,235
pre_ext_0,pre,True,,0,0,0,,,,2538,3384,538247,,,,,
pre_timer_0,pre,True,,0,0,0,,,,2538,3384,577306,,,,,
pre_both_0,pre,True,,0,0,0,,,,1692,3948,510264,,,,,
pre_both_1,pre,True,,0,0,0,,,,846,1974,262750,,,,,
pre_i_ext_0,pre_i,True,False,0,0,0,14,0,0,1974,2632,411979,1974,2632,412117,1974,610
pre_i_timer_0,pre_i,True,False,0,0,0,14,0,0,1974,2632,442293,1974,2632,442180,1974,868
pre_i_both_0,pre_i,True,False,0,0,0,2,2,0,1974,4606,594478,1974,4606,595873,1974,812
m_ext_0,m,True,,0,0,0,,,,1050,1257,207467,,,,,
m_timer_0,m,True,,0,0,0,,,,1050,1257,224185,,,,,
m_both_0,m,True,,0,0,0,,,,1050,2337,285594,,,,,
bp_ext_0,bp,True,,0,0,0,,,,846,987,138797,,,,,
bp_timer_0,bp,True,,0,0,0,,,,846,987,149558,,,,,
bp_both_0,bp,True,,0,0,0,,,,846,1833,194740,,,,,
