status,reason,cycles,uart_lines,uart_bad,uart_only,variant,app,march,opt,preempt,bpred,slice,tick,heap,tag,ram_kb,seed,target,wall_s,log
PASS,,5270282,31,0,False,brk.rv32im_zba_zbb.O2.p1s1.t10000.h4,brk,rv32im_zba_zbb,-O2,1,0,1,10000,4,,64,0001,dut,4.9,runs/dut/brk.rv32im_zba_zbb.O2.p1s1.t10000.h4/s0001
PASS,,5272956,30,0,False,brk.rv32im_zba_zbb.O2.p1s1.t10000.h4,brk,rv32im_zba_zbb,-O2,1,0,1,10000,4,,64,0002,dut,4.9,runs/dut/brk.rv32im_zba_zbb.O2.p1s1.t10000.h4/s0002
PASS,,5271195,30,0,False,brk.rv32im_zba_zbb.O2.p1s1.t10000.h4,brk,rv32im_zba_zbb,-O2,1,0,1,10000,4,,64,0003,dut,4.8,runs/dut/brk.rv32im_zba_zbb.O2.p1s1.t10000.h4/s0003
PASS,,5271698,30,0,False,brk.rv32im_zba_zbb.O2.p1s1.t10000.h4,brk,rv32im_zba_zbb,-O2,1,0,1,10000,4,,64,0004,dut,4.7,runs/dut/brk.rv32im_zba_zbb.O2.p1s1.t10000.h4/s0004
PASS,,5271341,30,0,False,brk.rv32im_zba_zbb.O2.p1s1.t10000.h4,brk,rv32im_zba_zbb,-O2,1,0,1,10000,4,,64,0005,dut,5.0,runs/dut/brk.rv32im_zba_zbb.O2.p1s1.t10000.h4/s0005
PASS,,5269157,30,0,False,brk.rv32im_zba_zbb.O2.p1s1.t10000.h4,brk,rv32im_zba_zbb,-O2,1,0,1,10000,4,,64,0006,dut,4.3,runs/dut/brk.rv32im_zba_zbb.O2.p1s1.t10000.h4/s0006
PASS,,5268198,30,0,False,brk.rv32im_zba_zbb.O2.p1s1.t10000.h4,brk,rv32im_zba_zbb,-O2,1,0,1,10000,4,,64,0007,dut,4.3,runs/dut/brk.rv32im_zba_zbb.O2.p1s1.t10000.h4/s0007
PASS,,5279015,30,0,False,brk.rv32im_zba_zbb.O2.p1s1.t10000.h4,brk,rv32im_zba_zbb,-O2,1,0,1,10000,4,,64,0008,dut,4.8,runs/dut/brk.rv32im_zba_zbb.O2.p1s1.t10000.h4/s0008
PASS,,8251407,26,0,False,brk.rv32im_zba_zbb.Os.p1s0.t5000.h4.bp3,brk,rv32im_zba_zbb,-Os,1,3,0,5000,4,,64,0001,dut,6.5,runs/dut/brk.rv32im_zba_zbb.Os.p1s0.t5000.h4.bp3/s0001
PASS,,8242574,27,0,False,brk.rv32im_zba_zbb.Os.p1s0.t5000.h4.bp3,brk,rv32im_zba_zbb,-Os,1,3,0,5000,4,,64,0002,dut,7.2,runs/dut/brk.rv32im_zba_zbb.Os.p1s0.t5000.h4.bp3/s0002
PASS,,8242230,27,0,False,brk.rv32im_zba_zbb.Os.p1s0.t5000.h4.bp3,brk,rv32im_zba_zbb,-Os,1,3,0,5000,4,,64,0003,dut,7.3,runs/dut/brk.rv32im_zba_zbb.Os.p1s0.t5000.h4.bp3/s0003
PASS,,8243677,27,0,False,brk.rv32im_zba_zbb.Os.p1s0.t5000.h4.bp3,brk,rv32im_zba_zbb,-Os,1,3,0,5000,4,,64,0004,dut,6.6,runs/dut/brk.rv32im_zba_zbb.Os.p1s0.t5000.h4.bp3/s0004
PASS,,8238036,26,0,False,brk.rv32im_zba_zbb.Os.p1s0.t5000.h4.bp3,brk,rv32im_zba_zbb,-Os,1,3,0,5000,4,,64,0005,dut,7.6,runs/dut/brk.rv32im_zba_zbb.Os.p1s0.t5000.h4.bp3/s0005
PASS,,8241579,26,0,False,brk.rv32im_zba_zbb.Os.p1s0.t5000.h4.bp3,brk,rv32im_zba_zbb,-Os,1,3,0,5000,4,,64,0006,dut,7.4,runs/dut/brk.rv32im_zba_zbb.Os.p1s0.t5000.h4.bp3/s0006
PASS,,8242742,27,0,False,brk.rv32im_zba_zbb.Os.p1s0.t5000.h4.bp3,brk,rv32im_zba_zbb,-Os,1,3,0,5000,4,,64,0007,dut,6.6,runs/dut/brk.rv32im_zba_zbb.Os.p1s0.t5000.h4.bp3/s0007
PASS,,8243519,27,0,False,brk.rv32im_zba_zbb.Os.p1s0.t5000.h4.bp3,brk,rv32im_zba_zbb,-Os,1,3,0,5000,4,,64,0008,dut,6.3,runs/dut/brk.rv32im_zba_zbb.Os.p1s0.t5000.h4.bp3/s0008
PASS,,150672527,3,0,False,full.rv32im_zba_zbb_zbs.O2.p1s1.t10000.h4,full,rv32im_zba_zbb_zbs,-O2,1,0,1,10000,4,,256,0001,dut,127.2,runs/dut/full.rv32im_zba_zbb_zbs.O2.p1s1.t10000.h4/s0001
PASS,,150672769,3,0,False,full.rv32im_zba_zbb_zbs.O2.p1s1.t10000.h4,full,rv32im_zba_zbb_zbs,-O2,1,0,1,10000,4,,256,0002,dut,134.7,runs/dut/full.rv32im_zba_zbb_zbs.O2.p1s1.t10000.h4/s0002
PASS,,150672471,3,0,False,full.rv32im_zba_zbb_zbs.O2.p1s1.t10000.h4,full,rv32im_zba_zbb_zbs,-O2,1,0,1,10000,4,,256,0003,dut,128.7,runs/dut/full.rv32im_zba_zbb_zbs.O2.p1s1.t10000.h4/s0003
PASS,,150672403,3,0,False,full.rv32im_zba_zbb_zbs.O2.p1s1.t10000.h4,full,rv32im_zba_zbb_zbs,-O2,1,0,1,10000,4,,256,0004,dut,125.7,runs/dut/full.rv32im_zba_zbb_zbs.O2.p1s1.t10000.h4/s0004
PASS,,150671918,3,0,False,full.rv32im_zba_zbb_zbs.O2.p1s1.t10000.h4,full,rv32im_zba_zbb_zbs,-O2,1,0,1,10000,4,,256,0005,dut,122.2,runs/dut/full.rv32im_zba_zbb_zbs.O2.p1s1.t10000.h4/s0005
PASS,,150672448,3,0,False,full.rv32im_zba_zbb_zbs.O2.p1s1.t10000.h4,full,rv32im_zba_zbb_zbs,-O2,1,0,1,10000,4,,256,0006,dut,136.3,runs/dut/full.rv32im_zba_zbb_zbs.O2.p1s1.t10000.h4/s0006
PASS,,150672532,3,0,False,full.rv32im_zba_zbb_zbs.O2.p1s1.t10000.h4,full,rv32im_zba_zbb_zbs,-O2,1,0,1,10000,4,,256,0007,dut,130.9,runs/dut/full.rv32im_zba_zbb_zbs.O2.p1s1.t10000.h4/s0007
PASS,,150672583,3,0,False,full.rv32im_zba_zbb_zbs.O2.p1s1.t10000.h4,full,rv32im_zba_zbb_zbs,-O2,1,0,1,10000,4,,256,0008,dut,125.7,runs/dut/full.rv32im_zba_zbb_zbs.O2.p1s1.t10000.h4/s0008
PASS,,150573981,3,0,False,full.rv32im_zba_zbb_zbs.Os.p1s1.t10000.h4.bp3,full,rv32im_zba_zbb_zbs,-Os,1,3,1,10000,4,,256,0001,dut,124.9,runs/dut/full.rv32im_zba_zbb_zbs.Os.p1s1.t10000.h4.bp3/s0001
PASS,,150574053,3,0,False,full.rv32im_zba_zbb_zbs.Os.p1s1.t10000.h4.bp3,full,rv32im_zba_zbb_zbs,-Os,1,3,1,10000,4,,256,0002,dut,127.4,runs/dut/full.rv32im_zba_zbb_zbs.Os.p1s1.t10000.h4.bp3/s0002
PASS,,150574430,3,0,False,full.rv32im_zba_zbb_zbs.Os.p1s1.t10000.h4.bp3,full,rv32im_zba_zbb_zbs,-Os,1,3,1,10000,4,,256,0003,dut,134.4,runs/dut/full.rv32im_zba_zbb_zbs.Os.p1s1.t10000.h4.bp3/s0003
PASS,,150574487,3,0,False,full.rv32im_zba_zbb_zbs.Os.p1s1.t10000.h4.bp3,full,rv32im_zba_zbb_zbs,-Os,1,3,1,10000,4,,256,0004,dut,143.9,runs/dut/full.rv32im_zba_zbb_zbs.Os.p1s1.t10000.h4.bp3/s0004
PASS,,150574396,3,0,False,full.rv32im_zba_zbb_zbs.Os.p1s1.t10000.h4.bp3,full,rv32im_zba_zbb_zbs,-Os,1,3,1,10000,4,,256,0005,dut,127.2,runs/dut/full.rv32im_zba_zbb_zbs.Os.p1s1.t10000.h4.bp3/s0005
PASS,,150574209,3,0,False,full.rv32im_zba_zbb_zbs.Os.p1s1.t10000.h4.bp3,full,rv32im_zba_zbb_zbs,-Os,1,3,1,10000,4,,256,0006,dut,132.1,runs/dut/full.rv32im_zba_zbb_zbs.Os.p1s1.t10000.h4.bp3/s0006
PASS,,150574163,3,0,False,full.rv32im_zba_zbb_zbs.Os.p1s1.t10000.h4.bp3,full,rv32im_zba_zbb_zbs,-Os,1,3,1,10000,4,,256,0007,dut,132.7,runs/dut/full.rv32im_zba_zbb_zbs.Os.p1s1.t10000.h4.bp3/s0007
PASS,,150574627,3,0,False,full.rv32im_zba_zbb_zbs.Os.p1s1.t10000.h4.bp3,full,rv32im_zba_zbb_zbs,-Os,1,3,1,10000,4,,256,0008,dut,125.6,runs/dut/full.rv32im_zba_zbb_zbs.Os.p1s1.t10000.h4.bp3/s0008
PASS,,5180421,6,0,False,minimal.rv32im_zba_zbb_zbs.O0.p0s1.t10000.h4,minimal,rv32im_zba_zbb_zbs,-O0,0,0,1,10000,4,,32,0001,dut,4.1,runs/dut/minimal.rv32im_zba_zbb_zbs.O0.p0s1.t10000.h4/s0001
PASS,,5170426,6,0,False,minimal.rv32im_zba_zbb_zbs.O0.p0s1.t10000.h4,minimal,rv32im_zba_zbb_zbs,-O0,0,0,1,10000,4,,32,0002,dut,4.4,runs/dut/minimal.rv32im_zba_zbb_zbs.O0.p0s1.t10000.h4/s0002
PASS,,5200428,6,0,False,minimal.rv32im_zba_zbb_zbs.O0.p0s1.t10000.h4,minimal,rv32im_zba_zbb_zbs,-O0,0,0,1,10000,4,,32,0003,dut,4.0,runs/dut/minimal.rv32im_zba_zbb_zbs.O0.p0s1.t10000.h4/s0003
PASS,,5170257,6,0,False,minimal.rv32im_zba_zbb_zbs.O0.p0s1.t10000.h4,minimal,rv32im_zba_zbb_zbs,-O0,0,0,1,10000,4,,32,0004,dut,4.2,runs/dut/minimal.rv32im_zba_zbb_zbs.O0.p0s1.t10000.h4/s0004
PASS,,5190426,6,0,False,minimal.rv32im_zba_zbb_zbs.O0.p0s1.t10000.h4,minimal,rv32im_zba_zbb_zbs,-O0,0,0,1,10000,4,,32,0005,dut,4.0,runs/dut/minimal.rv32im_zba_zbb_zbs.O0.p0s1.t10000.h4/s0005
PASS,,5180398,6,0,False,minimal.rv32im_zba_zbb_zbs.O0.p0s1.t10000.h4,minimal,rv32im_zba_zbb_zbs,-O0,0,0,1,10000,4,,32,0006,dut,4.3,runs/dut/minimal.rv32im_zba_zbb_zbs.O0.p0s1.t10000.h4/s0006
PASS,,5190350,6,0,False,minimal.rv32im_zba_zbb_zbs.O0.p0s1.t10000.h4,minimal,rv32im_zba_zbb_zbs,-O0,0,0,1,10000,4,,32,0007,dut,4.0,runs/dut/minimal.rv32im_zba_zbb_zbs.O0.p0s1.t10000.h4/s0007
PASS,,5200356,6,0,False,minimal.rv32im_zba_zbb_zbs.O0.p0s1.t10000.h4,minimal,rv32im_zba_zbb_zbs,-O0,0,0,1,10000,4,,32,0008,dut,4.5,runs/dut/minimal.rv32im_zba_zbb_zbs.O0.p0s1.t10000.h4/s0008
PASS,,5169913,6,0,False,minimal.rv32im_zba_zbb_zbs.O2.p1s1.t10000.h4,minimal,rv32im_zba_zbb_zbs,-O2,1,0,1,10000,4,,32,0001,dut,3.8,runs/dut/minimal.rv32im_zba_zbb_zbs.O2.p1s1.t10000.h4/s0001
PASS,,5159910,6,0,False,minimal.rv32im_zba_zbb_zbs.O2.p1s1.t10000.h4,minimal,rv32im_zba_zbb_zbs,-O2,1,0,1,10000,4,,32,0002,dut,4.1,runs/dut/minimal.rv32im_zba_zbb_zbs.O2.p1s1.t10000.h4/s0002
PASS,,5189913,6,0,False,minimal.rv32im_zba_zbb_zbs.O2.p1s1.t10000.h4,minimal,rv32im_zba_zbb_zbs,-O2,1,0,1,10000,4,,32,0003,dut,3.9,runs/dut/minimal.rv32im_zba_zbb_zbs.O2.p1s1.t10000.h4/s0003
PASS,,5159912,6,0,False,minimal.rv32im_zba_zbb_zbs.O2.p1s1.t10000.h4,minimal,rv32im_zba_zbb_zbs,-O2,1,0,1,10000,4,,32,0004,dut,4.1,runs/dut/minimal.rv32im_zba_zbb_zbs.O2.p1s1.t10000.h4/s0004
PASS,,5179910,6,0,False,minimal.rv32im_zba_zbb_zbs.O2.p1s1.t10000.h4,minimal,rv32im_zba_zbb_zbs,-O2,1,0,1,10000,4,,32,0005,dut,3.9,runs/dut/minimal.rv32im_zba_zbb_zbs.O2.p1s1.t10000.h4/s0005
PASS,,5169912,6,0,False,minimal.rv32im_zba_zbb_zbs.O2.p1s1.t10000.h4,minimal,rv32im_zba_zbb_zbs,-O2,1,0,1,10000,4,,32,0006,dut,3.9,runs/dut/minimal.rv32im_zba_zbb_zbs.O2.p1s1.t10000.h4/s0006
PASS,,5179910,6,0,False,minimal.rv32im_zba_zbb_zbs.O2.p1s1.t10000.h4,minimal,rv32im_zba_zbb_zbs,-O2,1,0,1,10000,4,,32,0007,dut,4.4,runs/dut/minimal.rv32im_zba_zbb_zbs.O2.p1s1.t10000.h4/s0007
PASS,,5189910,6,0,False,minimal.rv32im_zba_zbb_zbs.O2.p1s1.t10000.h4,minimal,rv32im_zba_zbb_zbs,-O2,1,0,1,10000,4,,32,0008,dut,4.3,runs/dut/minimal.rv32im_zba_zbb_zbs.O2.p1s1.t10000.h4/s0008
PASS,,5762840,42,0,False,mzba.rv32im_zba_zbb_zbs.O0.p1s1.t10000.h4,mzba,rv32im_zba_zbb_zbs,-O0,1,0,1,10000,4,,64,0001,dut,4.8,runs/dut/mzba.rv32im_zba_zbb_zbs.O0.p1s1.t10000.h4/s0001
PASS,,5712686,43,0,False,mzba.rv32im_zba_zbb_zbs.O0.p1s1.t10000.h4,mzba,rv32im_zba_zbb_zbs,-O0,1,0,1,10000,4,,64,0002,dut,4.6,runs/dut/mzba.rv32im_zba_zbb_zbs.O0.p1s1.t10000.h4/s0002
PASS,,5761001,43,0,False,mzba.rv32im_zba_zbb_zbs.O0.p1s1.t10000.h4,mzba,rv32im_zba_zbb_zbs,-O0,1,0,1,10000,4,,64,0003,dut,5.3,runs/dut/mzba.rv32im_zba_zbb_zbs.O0.p1s1.t10000.h4/s0003
PASS,,5740183,42,0,False,mzba.rv32im_zba_zbb_zbs.O0.p1s1.t10000.h4,mzba,rv32im_zba_zbb_zbs,-O0,1,0,1,10000,4,,64,0004,dut,4.9,runs/dut/mzba.rv32im_zba_zbb_zbs.O0.p1s1.t10000.h4/s0004
PASS,,5715867,41,0,False,mzba.rv32im_zba_zbb_zbs.O0.p1s1.t10000.h4,mzba,rv32im_zba_zbb_zbs,-O0,1,0,1,10000,4,,64,0005,dut,4.6,runs/dut/mzba.rv32im_zba_zbb_zbs.O0.p1s1.t10000.h4/s0005
PASS,,5735971,43,0,False,mzba.rv32im_zba_zbb_zbs.O0.p1s1.t10000.h4,mzba,rv32im_zba_zbb_zbs,-O0,1,0,1,10000,4,,64,0006,dut,5.1,runs/dut/mzba.rv32im_zba_zbb_zbs.O0.p1s1.t10000.h4/s0006
PASS,,5743550,42,0,False,mzba.rv32im_zba_zbb_zbs.O0.p1s1.t10000.h4,mzba,rv32im_zba_zbb_zbs,-O0,1,0,1,10000,4,,64,0007,dut,4.5,runs/dut/mzba.rv32im_zba_zbb_zbs.O0.p1s1.t10000.h4/s0007
PASS,,5736678,43,0,False,mzba.rv32im_zba_zbb_zbs.O0.p1s1.t10000.h4,mzba,rv32im_zba_zbb_zbs,-O0,1,0,1,10000,4,,64,0008,dut,5.0,runs/dut/mzba.rv32im_zba_zbb_zbs.O0.p1s1.t10000.h4/s0008
PASS,,5432010,49,0,False,mzba.rv32im_zba_zbb_zbs.O2.p1s1.t10000.h4,mzba,rv32im_zba_zbb_zbs,-O2,1,0,1,10000,4,,32,0001,dut,4.5,runs/dut/mzba.rv32im_zba_zbb_zbs.O2.p1s1.t10000.h4/s0001
PASS,,5384276,49,0,False,mzba.rv32im_zba_zbb_zbs.O2.p1s1.t10000.h4,mzba,rv32im_zba_zbb_zbs,-O2,1,0,1,10000,4,,32,0002,dut,4.2,runs/dut/mzba.rv32im_zba_zbb_zbs.O2.p1s1.t10000.h4/s0002
PASS,,5434740,50,0,False,mzba.rv32im_zba_zbb_zbs.O2.p1s1.t10000.h4,mzba,rv32im_zba_zbb_zbs,-O2,1,0,1,10000,4,,32,0003,dut,4.8,runs/dut/mzba.rv32im_zba_zbb_zbs.O2.p1s1.t10000.h4/s0003
PASS,,5410579,49,0,False,mzba.rv32im_zba_zbb_zbs.O2.p1s1.t10000.h4,mzba,rv32im_zba_zbb_zbs,-O2,1,0,1,10000,4,,32,0004,dut,4.4,runs/dut/mzba.rv32im_zba_zbb_zbs.O2.p1s1.t10000.h4/s0004
PASS,,5384187,50,0,False,mzba.rv32im_zba_zbb_zbs.O2.p1s1.t10000.h4,mzba,rv32im_zba_zbb_zbs,-O2,1,0,1,10000,4,,32,0005,dut,4.4,runs/dut/mzba.rv32im_zba_zbb_zbs.O2.p1s1.t10000.h4/s0005
PASS,,5407650,50,0,False,mzba.rv32im_zba_zbb_zbs.O2.p1s1.t10000.h4,mzba,rv32im_zba_zbb_zbs,-O2,1,0,1,10000,4,,32,0006,dut,4.7,runs/dut/mzba.rv32im_zba_zbb_zbs.O2.p1s1.t10000.h4/s0006
PASS,,5412117,50,0,False,mzba.rv32im_zba_zbb_zbs.O2.p1s1.t10000.h4,mzba,rv32im_zba_zbb_zbs,-O2,1,0,1,10000,4,,32,0007,dut,4.3,runs/dut/mzba.rv32im_zba_zbb_zbs.O2.p1s1.t10000.h4/s0007
PASS,,5408750,49,0,False,mzba.rv32im_zba_zbb_zbs.O2.p1s1.t10000.h4,mzba,rv32im_zba_zbb_zbs,-O2,1,0,1,10000,4,,32,0008,dut,4.7,runs/dut/mzba.rv32im_zba_zbb_zbs.O2.p1s1.t10000.h4/s0008
PASS,,5336547,50,0,False,mzba.rv32im_zba_zbb_zbs.O2.p1s1.t10000.h4.bp3,mzba,rv32im_zba_zbb_zbs,-O2,1,3,1,10000,4,,32,0001,dut,4.2,runs/dut/mzba.rv32im_zba_zbb_zbs.O2.p1s1.t10000.h4.bp3/s0001
PASS,,5300284,50,0,False,mzba.rv32im_zba_zbb_zbs.O2.p1s1.t10000.h4.bp3,mzba,rv32im_zba_zbb_zbs,-O2,1,3,1,10000,4,,32,0002,dut,4.6,runs/dut/mzba.rv32im_zba_zbb_zbs.O2.p1s1.t10000.h4.bp3/s0002
PASS,,5340149,50,0,False,mzba.rv32im_zba_zbb_zbs.O2.p1s1.t10000.h4.bp3,mzba,rv32im_zba_zbb_zbs,-O2,1,3,1,10000,4,,32,0003,dut,4.3,runs/dut/mzba.rv32im_zba_zbb_zbs.O2.p1s1.t10000.h4.bp3/s0003
PASS,,5321408,50,0,False,mzba.rv32im_zba_zbb_zbs.O2.p1s1.t10000.h4.bp3,mzba,rv32im_zba_zbb_zbs,-O2,1,3,1,10000,4,,32,0004,dut,4.8,runs/dut/mzba.rv32im_zba_zbb_zbs.O2.p1s1.t10000.h4.bp3/s0004
PASS,,5300019,50,0,False,mzba.rv32im_zba_zbb_zbs.O2.p1s1.t10000.h4.bp3,mzba,rv32im_zba_zbb_zbs,-O2,1,3,1,10000,4,,32,0005,dut,4.4,runs/dut/mzba.rv32im_zba_zbb_zbs.O2.p1s1.t10000.h4.bp3/s0005
PASS,,5317893,50,0,False,mzba.rv32im_zba_zbb_zbs.O2.p1s1.t10000.h4.bp3,mzba,rv32im_zba_zbb_zbs,-O2,1,3,1,10000,4,,32,0006,dut,4.2,runs/dut/mzba.rv32im_zba_zbb_zbs.O2.p1s1.t10000.h4.bp3/s0006
PASS,,5321926,50,0,False,mzba.rv32im_zba_zbb_zbs.O2.p1s1.t10000.h4.bp3,mzba,rv32im_zba_zbb_zbs,-O2,1,3,1,10000,4,,32,0007,dut,4.5,runs/dut/mzba.rv32im_zba_zbb_zbs.O2.p1s1.t10000.h4.bp3/s0007
PASS,,5318608,50,0,False,mzba.rv32im_zba_zbb_zbs.O2.p1s1.t10000.h4.bp3,mzba,rv32im_zba_zbb_zbs,-O2,1,3,1,10000,4,,32,0008,dut,4.6,runs/dut/mzba.rv32im_zba_zbb_zbs.O2.p1s1.t10000.h4.bp3/s0008
PASS,,5477469,50,0,False,mzba.rv32im_zba_zbb_zbs.Os.p0s1.t10000.h4,mzba,rv32im_zba_zbb_zbs,-Os,0,0,1,10000,4,,32,0001,dut,5.0,runs/dut/mzba.rv32im_zba_zbb_zbs.Os.p0s1.t10000.h4/s0001
PASS,,5432789,50,0,False,mzba.rv32im_zba_zbb_zbs.Os.p0s1.t10000.h4,mzba,rv32im_zba_zbb_zbs,-Os,0,0,1,10000,4,,32,0002,dut,4.9,runs/dut/mzba.rv32im_zba_zbb_zbs.Os.p0s1.t10000.h4/s0002
PASS,,5476891,51,0,False,mzba.rv32im_zba_zbb_zbs.Os.p0s1.t10000.h4,mzba,rv32im_zba_zbb_zbs,-Os,0,0,1,10000,4,,32,0003,dut,4.3,runs/dut/mzba.rv32im_zba_zbb_zbs.Os.p0s1.t10000.h4/s0003
PASS,,5456494,51,0,False,mzba.rv32im_zba_zbb_zbs.Os.p0s1.t10000.h4,mzba,rv32im_zba_zbb_zbs,-Os,0,0,1,10000,4,,32,0004,dut,4.3,runs/dut/mzba.rv32im_zba_zbb_zbs.Os.p0s1.t10000.h4/s0004
PASS,,5430667,50,0,False,mzba.rv32im_zba_zbb_zbs.Os.p0s1.t10000.h4,mzba,rv32im_zba_zbb_zbs,-Os,0,0,1,10000,4,,32,0005,dut,4.5,runs/dut/mzba.rv32im_zba_zbb_zbs.Os.p0s1.t10000.h4/s0005
PASS,,5451622,51,0,False,mzba.rv32im_zba_zbb_zbs.Os.p0s1.t10000.h4,mzba,rv32im_zba_zbb_zbs,-Os,0,0,1,10000,4,,32,0006,dut,4.1,runs/dut/mzba.rv32im_zba_zbb_zbs.Os.p0s1.t10000.h4/s0006
PASS,,5459006,50,0,False,mzba.rv32im_zba_zbb_zbs.Os.p0s1.t10000.h4,mzba,rv32im_zba_zbb_zbs,-Os,0,0,1,10000,4,,32,0007,dut,4.7,runs/dut/mzba.rv32im_zba_zbb_zbs.Os.p0s1.t10000.h4/s0007
PASS,,5454383,50,0,False,mzba.rv32im_zba_zbb_zbs.Os.p0s1.t10000.h4,mzba,rv32im_zba_zbb_zbs,-Os,0,0,1,10000,4,,32,0008,dut,4.5,runs/dut/mzba.rv32im_zba_zbb_zbs.Os.p0s1.t10000.h4/s0008
PASS,,5211069,39,0,False,stress.noyield.rv32im_zba_zbb_zbs.O0.p1s1.t10000.h4,stress,rv32im_zba_zbb_zbs,-O0,1,0,1,10000,4,noyield,64,0001,dut,4.4,runs/dut/stress.noyield.rv32im_zba_zbb_zbs.O0.p1s1.t10000.h4/s0001
PASS,,5209717,40,0,False,stress.noyield.rv32im_zba_zbb_zbs.O0.p1s1.t10000.h4,stress,rv32im_zba_zbb_zbs,-O0,1,0,1,10000,4,noyield,64,0002,dut,4.1,runs/dut/stress.noyield.rv32im_zba_zbb_zbs.O0.p1s1.t10000.h4/s0002
PASS,,5211046,39,0,False,stress.noyield.rv32im_zba_zbb_zbs.O0.p1s1.t10000.h4,stress,rv32im_zba_zbb_zbs,-O0,1,0,1,10000,4,noyield,64,0003,dut,4.7,runs/dut/stress.noyield.rv32im_zba_zbb_zbs.O0.p1s1.t10000.h4/s0003
PASS,,5211993,39,0,False,stress.noyield.rv32im_zba_zbb_zbs.O0.p1s1.t10000.h4,stress,rv32im_zba_zbb_zbs,-O0,1,0,1,10000,4,noyield,64,0004,dut,4.5,runs/dut/stress.noyield.rv32im_zba_zbb_zbs.O0.p1s1.t10000.h4/s0004
PASS,,5210831,39,0,False,stress.noyield.rv32im_zba_zbb_zbs.O0.p1s1.t10000.h4,stress,rv32im_zba_zbb_zbs,-O0,1,0,1,10000,4,noyield,64,0005,dut,4.1,runs/dut/stress.noyield.rv32im_zba_zbb_zbs.O0.p1s1.t10000.h4/s0005
PASS,,5210496,40,0,False,stress.noyield.rv32im_zba_zbb_zbs.O0.p1s1.t10000.h4,stress,rv32im_zba_zbb_zbs,-O0,1,0,1,10000,4,noyield,64,0006,dut,4.2,runs/dut/stress.noyield.rv32im_zba_zbb_zbs.O0.p1s1.t10000.h4/s0006
PASS,,5209174,41,0,False,stress.noyield.rv32im_zba_zbb_zbs.O0.p1s1.t10000.h4,stress,rv32im_zba_zbb_zbs,-O0,1,0,1,10000,4,noyield,64,0007,dut,4.4,runs/dut/stress.noyield.rv32im_zba_zbb_zbs.O0.p1s1.t10000.h4/s0007
PASS,,5209268,42,0,False,stress.noyield.rv32im_zba_zbb_zbs.O0.p1s1.t10000.h4,stress,rv32im_zba_zbb_zbs,-O0,1,0,1,10000,4,noyield,64,0008,dut,4.3,runs/dut/stress.noyield.rv32im_zba_zbb_zbs.O0.p1s1.t10000.h4/s0008
PASS,,4949506,51,0,False,stress.noyield.rv32im_zba_zbb_zbs.O2.p0s1.t10000.h4,stress,rv32im_zba_zbb_zbs,-O2,0,0,1,10000,4,noyield,32,0001,dut,4.2,runs/dut/stress.noyield.rv32im_zba_zbb_zbs.O2.p0s1.t10000.h4/s0001
PASS,,4948475,51,0,False,stress.noyield.rv32im_zba_zbb_zbs.O2.p0s1.t10000.h4,stress,rv32im_zba_zbb_zbs,-O2,0,0,1,10000,4,noyield,32,0002,dut,4.1,runs/dut/stress.noyield.rv32im_zba_zbb_zbs.O2.p0s1.t10000.h4/s0002
PASS,,4950930,51,0,False,stress.noyield.rv32im_zba_zbb_zbs.O2.p0s1.t10000.h4,stress,rv32im_zba_zbb_zbs,-O2,0,0,1,10000,4,noyield,32,0003,dut,4.4,runs/dut/stress.noyield.rv32im_zba_zbb_zbs.O2.p0s1.t10000.h4/s0003
PASS,,4949269,51,0,False,stress.noyield.rv32im_zba_zbb_zbs.O2.p0s1.t10000.h4,stress,rv32im_zba_zbb_zbs,-O2,0,0,1,10000,4,noyield,32,0004,dut,4.6,runs/dut/stress.noyield.rv32im_zba_zbb_zbs.O2.p0s1.t10000.h4/s0004
PASS,,4949488,52,0,False,stress.noyield.rv32im_zba_zbb_zbs.O2.p0s1.t10000.h4,stress,rv32im_zba_zbb_zbs,-O2,0,0,1,10000,4,noyield,32,0005,dut,4.1,runs/dut/stress.noyield.rv32im_zba_zbb_zbs.O2.p0s1.t10000.h4/s0005
PASS,,4949734,51,0,False,stress.noyield.rv32im_zba_zbb_zbs.O2.p0s1.t10000.h4,stress,rv32im_zba_zbb_zbs,-O2,0,0,1,10000,4,noyield,32,0006,dut,4.3,runs/dut/stress.noyield.rv32im_zba_zbb_zbs.O2.p0s1.t10000.h4/s0006
PASS,,4948560,52,0,False,stress.noyield.rv32im_zba_zbb_zbs.O2.p0s1.t10000.h4,stress,rv32im_zba_zbb_zbs,-O2,0,0,1,10000,4,noyield,32,0007,dut,4.4,runs/dut/stress.noyield.rv32im_zba_zbb_zbs.O2.p0s1.t10000.h4/s0007
PASS,,4948503,51,0,False,stress.noyield.rv32im_zba_zbb_zbs.O2.p0s1.t10000.h4,stress,rv32im_zba_zbb_zbs,-O2,0,0,1,10000,4,noyield,32,0008,dut,4.1,runs/dut/stress.noyield.rv32im_zba_zbb_zbs.O2.p0s1.t10000.h4/s0008
PASS,,4955123,26,0,False,stress.noyield.rv32im_zba_zbb_zbs.Os.p1s1.t5000.h4,stress,rv32im_zba_zbb_zbs,-Os,1,0,1,5000,4,noyield,32,0001,dut,4.5,runs/dut/stress.noyield.rv32im_zba_zbb_zbs.Os.p1s1.t5000.h4/s0001
PASS,,4954226,27,0,False,stress.noyield.rv32im_zba_zbb_zbs.Os.p1s1.t5000.h4,stress,rv32im_zba_zbb_zbs,-Os,1,0,1,5000,4,noyield,32,0002,dut,4.1,runs/dut/stress.noyield.rv32im_zba_zbb_zbs.Os.p1s1.t5000.h4/s0002
PASS,,4955303,26,0,False,stress.noyield.rv32im_zba_zbb_zbs.Os.p1s1.t5000.h4,stress,rv32im_zba_zbb_zbs,-Os,1,0,1,5000,4,noyield,32,0003,dut,4.0,runs/dut/stress.noyield.rv32im_zba_zbb_zbs.Os.p1s1.t5000.h4/s0003
PASS,,4955563,26,0,False,stress.noyield.rv32im_zba_zbb_zbs.Os.p1s1.t5000.h4,stress,rv32im_zba_zbb_zbs,-Os,1,0,1,5000,4,noyield,32,0004,dut,4.3,runs/dut/stress.noyield.rv32im_zba_zbb_zbs.Os.p1s1.t5000.h4/s0004
PASS,,4955609,26,0,False,stress.noyield.rv32im_zba_zbb_zbs.Os.p1s1.t5000.h4,stress,rv32im_zba_zbb_zbs,-Os,1,0,1,5000,4,noyield,32,0005,dut,4.2,runs/dut/stress.noyield.rv32im_zba_zbb_zbs.Os.p1s1.t5000.h4/s0005
PASS,,4955104,26,0,False,stress.noyield.rv32im_zba_zbb_zbs.Os.p1s1.t5000.h4,stress,rv32im_zba_zbb_zbs,-Os,1,0,1,5000,4,noyield,32,0006,dut,4.4,runs/dut/stress.noyield.rv32im_zba_zbb_zbs.Os.p1s1.t5000.h4/s0006
PASS,,4954204,27,0,False,stress.noyield.rv32im_zba_zbb_zbs.Os.p1s1.t5000.h4,stress,rv32im_zba_zbb_zbs,-Os,1,0,1,5000,4,noyield,32,0007,dut,4.0,runs/dut/stress.noyield.rv32im_zba_zbb_zbs.Os.p1s1.t5000.h4/s0007
PASS,,4954211,26,0,False,stress.noyield.rv32im_zba_zbb_zbs.Os.p1s1.t5000.h4,stress,rv32im_zba_zbb_zbs,-Os,1,0,1,5000,4,noyield,32,0008,dut,4.1,runs/dut/stress.noyield.rv32im_zba_zbb_zbs.Os.p1s1.t5000.h4/s0008
PASS,,4953599,49,0,False,stress.rv32im_zba_zbb_zbs.O2.p1s1.t10000.h4,stress,rv32im_zba_zbb_zbs,-O2,1,0,1,10000,4,,32,0001,dut,4.0,runs/dut/stress.rv32im_zba_zbb_zbs.O2.p1s1.t10000.h4/s0001
PASS,,4953491,49,0,False,stress.rv32im_zba_zbb_zbs.O2.p1s1.t10000.h4,stress,rv32im_zba_zbb_zbs,-O2,1,0,1,10000,4,,32,0002,dut,3.9,runs/dut/stress.rv32im_zba_zbb_zbs.O2.p1s1.t10000.h4/s0002
PASS,,4952808,49,0,False,stress.rv32im_zba_zbb_zbs.O2.p1s1.t10000.h4,stress,rv32im_zba_zbb_zbs,-O2,1,0,1,10000,4,,32,0003,dut,4.3,runs/dut/stress.rv32im_zba_zbb_zbs.O2.p1s1.t10000.h4/s0003
PASS,,4952929,48,0,False,stress.rv32im_zba_zbb_zbs.O2.p1s1.t10000.h4,stress,rv32im_zba_zbb_zbs,-O2,1,0,1,10000,4,,32,0004,dut,4.3,runs/dut/stress.rv32im_zba_zbb_zbs.O2.p1s1.t10000.h4/s0004
PASS,,4952875,49,0,False,stress.rv32im_zba_zbb_zbs.O2.p1s1.t10000.h4,stress,rv32im_zba_zbb_zbs,-O2,1,0,1,10000,4,,32,0005,dut,4.6,runs/dut/stress.rv32im_zba_zbb_zbs.O2.p1s1.t10000.h4/s0005
PASS,,4959790,49,0,False,stress.rv32im_zba_zbb_zbs.O2.p1s1.t10000.h4,stress,rv32im_zba_zbb_zbs,-O2,1,0,1,10000,4,,32,0006,dut,4.2,runs/dut/stress.rv32im_zba_zbb_zbs.O2.p1s1.t10000.h4/s0006
PASS,,4952524,49,0,False,stress.rv32im_zba_zbb_zbs.O2.p1s1.t10000.h4,stress,rv32im_zba_zbb_zbs,-O2,1,0,1,10000,4,,32,0007,dut,4.0,runs/dut/stress.rv32im_zba_zbb_zbs.O2.p1s1.t10000.h4/s0007
PASS,,4957748,50,0,False,stress.rv32im_zba_zbb_zbs.O2.p1s1.t10000.h4,stress,rv32im_zba_zbb_zbs,-O2,1,0,1,10000,4,,32,0008,dut,4.3,runs/dut/stress.rv32im_zba_zbb_zbs.O2.p1s1.t10000.h4/s0008
PASS,,4938755,49,0,False,stress.rv32im_zba_zbb_zbs.O2.p1s1.t10000.h4.bp3,stress,rv32im_zba_zbb_zbs,-O2,1,3,1,10000,4,,32,0001,dut,4.1,runs/dut/stress.rv32im_zba_zbb_zbs.O2.p1s1.t10000.h4.bp3/s0001
PASS,,4937957,49,0,False,stress.rv32im_zba_zbb_zbs.O2.p1s1.t10000.h4.bp3,stress,rv32im_zba_zbb_zbs,-O2,1,3,1,10000,4,,32,0002,dut,4.6,runs/dut/stress.rv32im_zba_zbb_zbs.O2.p1s1.t10000.h4.bp3/s0002
PASS,,4937793,49,0,False,stress.rv32im_zba_zbb_zbs.O2.p1s1.t10000.h4.bp3,stress,rv32im_zba_zbb_zbs,-O2,1,3,1,10000,4,,32,0003,dut,4.2,runs/dut/stress.rv32im_zba_zbb_zbs.O2.p1s1.t10000.h4.bp3/s0003
PASS,,4938497,49,0,False,stress.rv32im_zba_zbb_zbs.O2.p1s1.t10000.h4.bp3,stress,rv32im_zba_zbb_zbs,-O2,1,3,1,10000,4,,32,0004,dut,4.2,runs/dut/stress.rv32im_zba_zbb_zbs.O2.p1s1.t10000.h4.bp3/s0004
PASS,,4937674,48,0,False,stress.rv32im_zba_zbb_zbs.O2.p1s1.t10000.h4.bp3,stress,rv32im_zba_zbb_zbs,-O2,1,3,1,10000,4,,32,0005,dut,4.2,runs/dut/stress.rv32im_zba_zbb_zbs.O2.p1s1.t10000.h4.bp3/s0005
PASS,,4938512,47,0,False,stress.rv32im_zba_zbb_zbs.O2.p1s1.t10000.h4.bp3,stress,rv32im_zba_zbb_zbs,-O2,1,3,1,10000,4,,32,0006,dut,4.7,runs/dut/stress.rv32im_zba_zbb_zbs.O2.p1s1.t10000.h4.bp3/s0006
PASS,,4937430,49,0,False,stress.rv32im_zba_zbb_zbs.O2.p1s1.t10000.h4.bp3,stress,rv32im_zba_zbb_zbs,-O2,1,3,1,10000,4,,32,0007,dut,4.1,runs/dut/stress.rv32im_zba_zbb_zbs.O2.p1s1.t10000.h4.bp3/s0007
PASS,,4937538,50,0,False,stress.rv32im_zba_zbb_zbs.O2.p1s1.t10000.h4.bp3,stress,rv32im_zba_zbb_zbs,-O2,1,3,1,10000,4,,32,0008,dut,4.2,runs/dut/stress.rv32im_zba_zbb_zbs.O2.p1s1.t10000.h4.bp3/s0008
