opt,variant,source,march,extra_flags,image_bytes,ext_instrs,ext_forms,ext_counts,timed_cycles,output,zbb_diff_ok,init_mem_sha256,out_elf_sha256
-O2,zbb_bench-rv32i,test/bench/zbb/zbb_bench.c,rv32i,,1636,0,0,,302330,CHK 653f8521 CYC 00049cfa,,f3279512e355acde033582c22be0f57e298488a673e853c0fce1477dda88e39b,fd07930fca6dce42ad005132de0e8f95d016efa4d5d43c705a55c2282c04d01d
-O2,zbb_bench-rv32i_zbb_zbs,test/bench/zbb/zbb_bench.c,rv32i_zbb_zbs,,904,20,19,andn=1 orn=1 clz=1 ctz=1 cpop=2 max=1 min=1 minu=1 sext.b=1 sext.h=1 rol=1 ror=1 rori=1 orc.b=1 rev8=1 bclr=1 bext=1 binv=1 bset=1,121388,CHK 653f8521 CYC 0001da2c,,8bf7430d8a5467c943117677e90c51110bcbb15c5058c6a738dc95cd0a4e8eae,c80265f813ae71484502823cc3968a8d7f8f7cdb8149037a6ee94aa08abe4948
-O2,zbb_bench-rv32im_zba_zbb_zbs,test/bench/zbb/zbb_bench.c,rv32im_zba_zbb_zbs,,900,20,19,andn=1 orn=1 clz=1 ctz=1 cpop=2 max=1 min=1 minu=1 sext.b=1 sext.h=1 rol=1 ror=1 rori=1 orc.b=1 rev8=1 bclr=1 bext=1 binv=1 bset=1,119852,CHK 653f8521 CYC 0001d42c,,928ea47d5de944ab64311b909da9a2086d1f975197e5a20216a6e2fe39e9fc74,a509bb3a4d67cf0967e129066177e8dd1ee219726845496d5585e50e7d4eb166
-O2,zbb_arr-rv32i,test/bench/zbb/zbb_arr.c,rv32i,-DZICOND_PORTABLE,2512,0,0,,20333,P1 0000b5ca P2 0800faba P3 555b5008 P4 0004a8ce P5 e4409842 P6 aae42e36 P7 f2a5f7c9 P8 9991c048 SUM 0ff9b7e9 CYCLES 00004f6d,,e9f641b34f7be0e2b72c722df4f1812dfd912fa01ddfb4e70eee98a0f0f5dcc9,96cfa9a24adbad8eaafe068b70dafcd3ba7d815b455334e6e17075ffa354105a
-O2,zbb_arr-rv32i_zbb_zbs,test/bench/zbb/zbb_arr.c,rv32i_zbb_zbs,,1796,41,24,andn=2 orn=1 clz=1 ctz=1 cpop=4 max=2 maxu=1 min=2 minu=1 sext.b=3 sext.h=2 rol=3 ror=1 rori=1 bclr=1 bclri=1 bext=1 bexti=1 binv=1 binvi=1 bset=1 bseti=1 czero.eqz=4 czero.nez=4,12117,P1 0000b5ca P2 0800faba P3 555b5008 P4 0004a8ce P5 e4409842 P6 aae42e36 P7 f2a5f7c9 P8 9991c048 SUM 0ff9b7e9 CYCLES 00002f55,,f5a9248691b1572202a52d7a305780ea98e61976118188959ee096d0f3ca1e0e,e1b659e41236b689aebfdfaa0887789d06853d901eaf665adf89861c0b80d3a5
-O2,zbb_arr-rv32im_zba_zbb_zbs,test/bench/zbb/zbb_arr.c,rv32im_zba_zbb_zbs,,1552,41,24,andn=2 orn=1 clz=1 ctz=1 cpop=4 max=2 maxu=1 min=2 minu=1 sext.b=3 sext.h=2 rol=3 ror=1 rori=1 bclr=1 bclri=1 bext=1 bexti=1 binv=1 binvi=1 bset=1 bseti=1 czero.eqz=4 czero.nez=4,12107,P1 0000b5ca P2 0800faba P3 555b5008 P4 0004a8ce P5 e4409842 P6 aae42e36 P7 f2a5f7c9 P8 9991c048 SUM 0ff9b7e9 CYCLES 00002f4b,,999b305d9542c415f48f9fc2f0a913d7029c1441a26ebfa060f94d2cc95f754a,a9e2f443ef0a2e87193f049839b231a21159efe9c38a57c891264a1de380801d
-O2,zbb_diff,test/bench/zbb/zbb_diff.c,rv32i,,7200,210,28,andn=3 orn=2 xnor=2 clz=2 ctz=1 cpop=3 max=4 maxu=2 min=2 minu=2 sext.b=1 sext.h=1 zext.h=1 rol=3 ror=2 rori=32 orc.b=1 rev8=2 bclr=2 bclri=32 bext=2 bexti=32 binv=2 binvi=32 bset=4 bseti=32 czero.eqz=3 czero.nez=3,1905212,CASES 00003d9d BAD 00000000 EXTRA 00000000 CSUM 1abbade6 CYCLES 001d123c,yes,3fde4443112ded86b674d5e5a1ad313830f6a2ca7b71cec6a817a2e0b2e1e4e7,a1a33764c3922c4f1cf04db8ba2a35e958a4e6d7fae0fb892670fcea3bcbcc83
-O2,zbb_diff-B5297A4D,test/bench/zbb/zbb_diff.c,rv32i,-DSKIP_POOL -DN_RANDOM=400 -DSEED=0xB5297A4Du,16692,241,28,andn=3 orn=2 xnor=2 clz=2 ctz=1 cpop=3 max=4 maxu=2 min=2 minu=2 sext.b=1 sext.h=1 zext.h=1 rol=3 ror=2 rori=32 orc.b=1 rev8=2 bclr=2 bclri=32 bext=2 bexti=63 binv=2 binvi=32 bset=4 bseti=32 czero.eqz=3 czero.nez=3,1205369,CASES 00002fbd BAD 00000000 EXTRA 00000000 CSUM 740a3854 CYCLES 00126479,yes,a1f86d92587e639bdf6374dab797bb3e614325c98b963f104047ca3b8d8101de,d47edd892cd9fefca129edffb02151b37b8912d9731372ba5a1e4379df90c176
-O2,zbb_diff-1F123BB5,test/bench/zbb/zbb_diff.c,rv32i,-DSKIP_POOL -DN_RANDOM=400 -DSEED=0x1F123BB5u,16692,241,28,andn=3 orn=2 xnor=2 clz=2 ctz=1 cpop=3 max=4 maxu=2 min=2 minu=2 sext.b=1 sext.h=1 zext.h=1 rol=3 ror=2 rori=32 orc.b=1 rev8=2 bclr=2 bclri=32 bext=2 bexti=63 binv=2 binvi=32 bset=4 bseti=32 czero.eqz=3 czero.nez=3,1205635,CASES 00002fbd BAD 00000000 EXTRA 00000000 CSUM 3985215f CYCLES 00126583,yes,eb3fafb8d700232f9caeea097c32e2aee6c39d3c99fbb3cfc33575692961e39f,f2508ab0d2620280a4308e4fda36bf115f83e31790a1165651935f1cae675c94
-O2,zbb_diff-9E3779B9,test/bench/zbb/zbb_diff.c,rv32i,-DSKIP_POOL -DN_RANDOM=400 -DSEED=0x9E3779B9u,16692,241,28,andn=3 orn=2 xnor=2 clz=2 ctz=1 cpop=3 max=4 maxu=2 min=2 minu=2 sext.b=1 sext.h=1 zext.h=1 rol=3 ror=2 rori=32 orc.b=1 rev8=2 bclr=2 bclri=32 bext=2 bexti=63 binv=2 binvi=32 bset=4 bseti=32 czero.eqz=3 czero.nez=3,1205063,CASES 00002fbd BAD 00000000 EXTRA 00000000 CSUM 52919865 CYCLES 00126347,yes,7a670ba6567d096ade266b6a73435a60510f4c68d7dec9d2de9c71b8d4c95d1b,51befcf527e814a02ed16a38c71f084c6d3aae86cdbaa533b57911d34cfb5c84
-Os,zbb_bench-rv32i,test/bench/zbb/zbb_bench.c,rv32i,,1664,0,0,,319058,CHK 653f8521 CYC 0004de52,,ee0f97c2bee5fd86cdb2873406359b9c6e5837a4e0c545eac50431ead70d5a92,cb0ec1c4d0229e496e264af5354dc227dc80a5036ed8e06080a1d036a2fc2787
-Os,zbb_bench-rv32i_zbb_zbs,test/bench/zbb/zbb_bench.c,rv32i_zbb_zbs,,880,20,19,andn=1 orn=1 clz=1 ctz=1 cpop=2 max=1 min=1 minu=1 sext.b=1 sext.h=1 rol=1 ror=1 rori=1 orc.b=1 rev8=1 bclr=1 bext=1 binv=1 bset=1,121196,CHK 653f8521 CYC 0001d96c,,1c4812141ead26c00badc3d8f317444786876046f5d172b2d11fbd9ac6279b67,2b1b027bd1e77f17ac38f046bd16742f579cd71084418584ae7429281eea8c09
-Os,zbb_bench-rv32im_zba_zbb_zbs,test/bench/zbb/zbb_bench.c,rv32im_zba_zbb_zbs,,876,20,19,andn=1 orn=1 clz=1 ctz=1 cpop=2 max=1 min=1 minu=1 sext.b=1 sext.h=1 rol=1 ror=1 rori=1 orc.b=1 rev8=1 bclr=1 bext=1 binv=1 bset=1,119660,CHK 653f8521 CYC 0001d36c,,312e6d868affa7d293170d20c5f4e6788aad827892494ab40a9f46884c39e564,315ffb610816c537c226dc090759991b347b08404864cc8365696fe7f01a1ea2
-Os,zbb_arr-rv32i,test/bench/zbb/zbb_arr.c,rv32i,-DZICOND_PORTABLE,2480,0,0,,20812,P1 0000b5ca P2 0800faba P3 555b5008 P4 0004a8ce P5 e4409842 P6 aae42e36 P7 f2a5f7c9 P8 9991c048 SUM 0ff9b7e9 CYCLES 0000514c,,f9dff178ff05975f7af6a1aea7e4910dcf245a7e369191f802b586a69df242e9,2b689d4934cf75a2668132d4a7014a4fa8b34175e5ea2a88de6cdab77ab74a5e
-Os,zbb_arr-rv32i_zbb_zbs,test/bench/zbb/zbb_arr.c,rv32i_zbb_zbs,,1764,40,24,andn=2 orn=1 clz=1 ctz=1 cpop=3 max=2 maxu=1 min=2 minu=1 sext.b=3 sext.h=2 rol=3 ror=1 rori=1 bclr=1 bclri=1 bext=1 bexti=1 binv=1 binvi=1 bset=1 bseti=1 czero.eqz=4 czero.nez=4,12330,P1 0000b5ca P2 0800faba P3 555b5008 P4 0004a8ce P5 e4409842 P6 aae42e36 P7 f2a5f7c9 P8 9991c048 SUM 0ff9b7e9 CYCLES 0000302a,,5e26fb91adf231cb6859523d42045fd89a323af09d72adc56c04765d2978f478,4b9db479f4a5b2333053726df1c435e62e804622a2209ef478a908fd7a75ac4f
-Os,zbb_arr-rv32im_zba_zbb_zbs,test/bench/zbb/zbb_arr.c,rv32im_zba_zbb_zbs,,1524,40,24,andn=2 orn=1 clz=1 ctz=1 cpop=3 max=2 maxu=1 min=2 minu=1 sext.b=3 sext.h=2 rol=3 ror=1 rori=1 bclr=1 bclri=1 bext=1 bexti=1 binv=1 binvi=1 bset=1 bseti=1 czero.eqz=4 czero.nez=4,12185,P1 0000b5ca P2 0800faba P3 555b5008 P4 0004a8ce P5 e4409842 P6 aae42e36 P7 f2a5f7c9 P8 9991c048 SUM 0ff9b7e9 CYCLES 00002f99,,8b0f5ff64cdfe40e4532034f5323064987edbd1d95adaf5a4f654256e895a9a4,49c42013341eb8df37369df91157ee9b2cf2cc0c428c407edd552cfa76b595a3
-Os,zbb_diff,test/bench/zbb/zbb_diff.c,rv32i,,6296,210,28,andn=3 orn=2 xnor=2 clz=2 ctz=1 cpop=3 max=4 maxu=2 min=2 minu=2 sext.b=1 sext.h=1 zext.h=1 rol=3 ror=2 rori=32 orc.b=1 rev8=2 bclr=2 bclri=32 bext=2 bexti=32 binv=2 binvi=32 bset=4 bseti=32 czero.eqz=3 czero.nez=3,1900227,CASES 00003d9d BAD 00000000 EXTRA 00000000 CSUM 1abbade6 CYCLES 001cfec3,yes,1b0c5d3d3d211eb718d8c8c69f4bca59785b1501d91419ef534f87530fdaba95,33d5655eb14a8a34683c408717636476e2eaa0ddb7defebb2449496f6e796f1b
-Os,zbb_diff-B5297A4D,test/bench/zbb/zbb_diff.c,rv32i,-DSKIP_POOL -DN_RANDOM=400 -DSEED=0xB5297A4Du,5980,210,28,andn=3 orn=2 xnor=2 clz=2 ctz=1 cpop=3 max=4 maxu=2 min=2 minu=2 sext.b=1 sext.h=1 zext.h=1 rol=3 ror=2 rori=32 orc.b=1 rev8=2 bclr=2 bclri=32 bext=2 bexti=32 binv=2 binvi=32 bset=4 bseti=32 czero.eqz=3 czero.nez=3,1318558,CASES 00002fbd BAD 00000000 EXTRA 00000000 CSUM 740a3854 CYCLES 00141e9e,yes,6f4c76ad7f5f73608c929b4c374a125b6e695591a7b47d2d5df7f2c95a4fc35c,b2fd23edc50b85de0a1acbf1b0036658cef3f811da936826793c7796f0af6c58
-Os,zbb_diff-1F123BB5,test/bench/zbb/zbb_diff.c,rv32i,-DSKIP_POOL -DN_RANDOM=400 -DSEED=0x1F123BB5u,5980,210,28,andn=3 orn=2 xnor=2 clz=2 ctz=1 cpop=3 max=4 maxu=2 min=2 minu=2 sext.b=1 sext.h=1 zext.h=1 rol=3 ror=2 rori=32 orc.b=1 rev8=2 bclr=2 bclri=32 bext=2 bexti=32 binv=2 binvi=32 bset=4 bseti=32 czero.eqz=3 czero.nez=3,1318824,CASES 00002fbd BAD 00000000 EXTRA 00000000 CSUM 3985215f CYCLES 00141fa8,yes,b7fbeea42039cf3285be6d66e2c4993c06fd4446388c91ae88a9fdedf83586f8,e2c8514b8699a6d6de4eea3d29efe74f5d2ed9ad3a06963b8bff9186cdbf48ce
-Os,zbb_diff-9E3779B9,test/bench/zbb/zbb_diff.c,rv32i,-DSKIP_POOL -DN_RANDOM=400 -DSEED=0x9E3779B9u,5980,210,28,andn=3 orn=2 xnor=2 clz=2 ctz=1 cpop=3 max=4 maxu=2 min=2 minu=2 sext.b=1 sext.h=1 zext.h=1 rol=3 ror=2 rori=32 orc.b=1 rev8=2 bclr=2 bclri=32 bext=2 bexti=32 binv=2 binvi=32 bset=4 bseti=32 czero.eqz=3 czero.nez=3,1318382,CASES 00002fbd BAD 00000000 EXTRA 00000000 CSUM 52919865 CYCLES 00141dee,yes,d63d911a025288846ccd29c7ba2fee58ca7429c847258437a79e242962c78160,3a8cc49dd995e88f7ba6e11e0812ce2c6260c943aad90e9577f6d60b3ae00cba
-O0,zbb_bench-rv32i,test/bench/zbb/zbb_bench.c,rv32i,,2604,0,0,,824570,CHK 653f8521 CYC 000c94fa,,243887a8d2616e261b0e1161c3313715be110bdea699de8721d6c7e5076f88b1,326adf248af107e2decbdc03ea4cadce5e0af6fd2dbd1e96efedfad51be5930f
-O0,zbb_bench-rv32i_zbb_zbs,test/bench/zbb/zbb_bench.c,rv32i_zbb_zbs,,1912,15,13,clz=2 ctz=1 cpop=2 max=1 min=1 minu=1 sext.b=1 sext.h=1 rol=1 ror=1 rori=1 orc.b=1 rev8=1,598594,CHK 653f8521 CYC 00092242,,6167d488de6571531ae5fa1e40575439f333fecd96f8055e3abc4006a9068a8a,d3fc93d14ebe92466f86c61641b2740d049db96f8bd7d3de2ad7c98f268f17c2
-O0,zbb_bench-rv32im_zba_zbb_zbs,test/bench/zbb/zbb_bench.c,rv32im_zba_zbb_zbs,,1912,15,13,clz=2 ctz=1 cpop=2 max=1 min=1 minu=1 sext.b=1 sext.h=1 rol=1 ror=1 rori=1 orc.b=1 rev8=1,598594,CHK 653f8521 CYC 00092242,,6167d488de6571531ae5fa1e40575439f333fecd96f8055e3abc4006a9068a8a,59a5b2dd9f4dc33478b37cead2c9e0a51de0f64c90fd942600679579b6de4720
-O0,zbb_arr-rv32i,test/bench/zbb/zbb_arr.c,rv32i,-DZICOND_PORTABLE,4384,0,0,,61989,P1 0000b5ca P2 0800faba P3 555b5008 P4 0004a8ce P5 e4409842 P6 aae42e36 P7 f2a5f7c9 P8 9991c048 SUM 0ff9b7e9 CYCLES 0000f225,,47810c4ac4a3ec03eb577b2d6e6f80ccd9ea7c0ce2a4166c777f18e60ad239d9,f84ade5f6e2f1c6e83e55b678c5b859007967f6271e62cd16f26ed10c7acb057
-O0,zbb_arr-rv32i_zbb_zbs,test/bench/zbb/zbb_arr.c,rv32i_zbb_zbs,,3836,22,15,clz=2 ctz=1 cpop=3 max=1 maxu=1 min=2 minu=1 sext.b=1 sext.h=2 zext.h=1 rol=3 ror=1 rori=1 czero.eqz=1 czero.nez=1,53552,P1 0000b5ca P2 0800faba P3 555b5008 P4 0004a8ce P5 e4409842 P6 aae42e36 P7 f2a5f7c9 P8 9991c048 SUM 0ff9b7e9 CYCLES 0000d130,,65411bd701c00cbe891227aab3c2cccac588c205dc3503fdfe1621c4cc2718c0,2968e2c7579a82f98d3ae6fdf00cf8ea8294e07365cef443ce71721c93d0c9cb
-O0,zbb_arr-rv32im_zba_zbb_zbs,test/bench/zbb/zbb_arr.c,rv32im_zba_zbb_zbs,,3628,22,15,clz=2 ctz=1 cpop=3 max=1 maxu=1 min=2 minu=1 sext.b=1 sext.h=2 zext.h=1 rol=3 ror=1 rori=1 czero.eqz=1 czero.nez=1,53644,P1 0000b5ca P2 0800faba P3 555b5008 P4 0004a8ce P5 e4409842 P6 aae42e36 P7 f2a5f7c9 P8 9991c048 SUM 0ff9b7e9 CYCLES 0000d18c,,aaadd934071aa2402e26a4931cb26446d11e31af866750bc2700f09c458e79f7,c43cdf0040528888a73bf447f3a9fad6524bbcd08b568e423c57887ca2593a50
-O0,zbb_diff,test/bench/zbb/zbb_diff.c,rv32i,,10356,208,28,andn=3 orn=2 xnor=2 clz=2 ctz=1 cpop=3 max=4 maxu=2 min=2 minu=2 sext.b=1 sext.h=1 zext.h=1 rol=3 ror=2 rori=32 orc.b=1 rev8=2 bclr=2 bclri=32 bext=2 bexti=32 binv=2 binvi=32 bset=4 bseti=32 czero.eqz=2 czero.nez=2,6010391,CASES 00003d9d BAD 00000000 EXTRA 00000000 CSUM 1abbade6 CYCLES 005bb617,yes,be51df806ff5ab4a98c7eb8a0766c73120fb3f2f8c5a88da3f6aee0ff2db10fc,0fb1596ac0ff6dce4074c94fc626a244a911e9f9c46815f02124f3354a180c93
-O0,zbb_diff-B5297A4D,test/bench/zbb/zbb_diff.c,rv32i,-DSKIP_POOL -DN_RANDOM=400 -DSEED=0xB5297A4Du,9976,208,28,andn=3 orn=2 xnor=2 clz=2 ctz=1 cpop=3 max=4 maxu=2 min=2 minu=2 sext.b=1 sext.h=1 zext.h=1 rol=3 ror=2 rori=32 orc.b=1 rev8=2 bclr=2 bclri=32 bext=2 bexti=32 binv=2 binvi=32 bset=4 bseti=32 czero.eqz=2 czero.nez=2,4215754,CASES 00002fbd BAD 00000000 EXTRA 00000000 CSUM 740a3854 CYCLES 004053ca,yes,a399d4b4980557d6b3f2f5a6382c499199c8a5f5be961cfcd28a878224af5979,66fb03bf1551de79d2b97a394f2a9df6bb2ce2059f23c45f6e286ab4d346f2b3
-O0,zbb_diff-1F123BB5,test/bench/zbb/zbb_diff.c,rv32i,-DSKIP_POOL -DN_RANDOM=400 -DSEED=0x1F123BB5u,9976,208,28,andn=3 orn=2 xnor=2 clz=2 ctz=1 cpop=3 max=4 maxu=2 min=2 minu=2 sext.b=1 sext.h=1 zext.h=1 rol=3 ror=2 rori=32 orc.b=1 rev8=2 bclr=2 bclri=32 bext=2 bexti=32 binv=2 binvi=32 bset=4 bseti=32 czero.eqz=2 czero.nez=2,4217424,CASES 00002fbd BAD 00000000 EXTRA 00000000 CSUM 3985215f CYCLES 00405a50,yes,9df5e63add544f6a02c93d797f1cbf639ba9d2039af11aa5e5ce7d3c73a4c3af,75a2149b3cccffa6e07eb2ac284455a09a31a4088b664c42b669988a74956ed0
-O0,zbb_diff-9E3779B9,test/bench/zbb/zbb_diff.c,rv32i,-DSKIP_POOL -DN_RANDOM=400 -DSEED=0x9E3779B9u,9976,208,28,andn=3 orn=2 xnor=2 clz=2 ctz=1 cpop=3 max=4 maxu=2 min=2 minu=2 sext.b=1 sext.h=1 zext.h=1 rol=3 ror=2 rori=32 orc.b=1 rev8=2 bclr=2 bclri=32 bext=2 bexti=32 binv=2 binvi=32 bset=4 bseti=32 czero.eqz=2 czero.nez=2,4215128,CASES 00002fbd BAD 00000000 EXTRA 00000000 CSUM 52919865 CYCLES 00405158,yes,383bd9a6071a5e5ac95b8b8bb11b49190299f972e84390392bc805300e5627fc,d5a96e26e3c2b0d965aa0641b0483b9bba3e362486fa9ad5bd45e294bf982ad7
