set,variant,seed,target,status,cycles,source
bpred,full.rv32i.O2.p1s1.t10000.h4.bp3,0201,dut,PASS,150567388,csv-excerpt
bpred,full.rv32i.O2.p1s1.t10000.h4.bp3,0201,golden,PASS,150680899,csv-excerpt
bpred,full.rv32i.O2.p1s1.t10000.h4.bp3,0202,dut,PASS,150567764,csv-excerpt
bpred,full.rv32i.O2.p1s1.t10000.h4.bp3,0202,golden,PASS,150681002,csv-excerpt
bpred,full.rv32i.O2.p1s1.t10000.h4.bp3,0203,dut,PASS,150567501,csv-excerpt
bpred,full.rv32i.O2.p1s1.t10000.h4.bp3,0203,golden,PASS,150680055,csv-excerpt
bpred,full.rv32i.O2.p1s1.t10000.h4.bp3,0204,dut,PASS,150568081,csv-excerpt
bpred,full.rv32i.O2.p1s1.t10000.h4.bp3,0204,golden,PASS,150680080,csv-excerpt
bpred,full.rv32i.Os.p1s1.t10000.h4.bp1,0201,dut,PASS,150587232,csv-excerpt
bpred,full.rv32i.Os.p1s1.t10000.h4.bp1,0201,golden,PASS,150695480,csv-excerpt
bpred,full.rv32i.Os.p1s1.t10000.h4.bp1,0202,dut,PASS,150587818,csv-excerpt
bpred,full.rv32i.Os.p1s1.t10000.h4.bp1,0202,golden,PASS,150695948,csv-excerpt
bpred,full.rv32i.Os.p1s1.t10000.h4.bp1,0203,dut,PASS,150588226,csv-excerpt
bpred,full.rv32i.Os.p1s1.t10000.h4.bp1,0203,golden,PASS,150696952,csv-excerpt
bpred,full.rv32i.Os.p1s1.t10000.h4.bp1,0204,dut,PASS,150587350,csv-excerpt
bpred,full.rv32i.Os.p1s1.t10000.h4.bp1,0204,golden,PASS,150695475,csv-excerpt
breaker,brk.bpdyn.rv32i.O2.p1s1.t10000.h4.bp3,0101,dut,PASS,20265143,earlier-identical
breaker,brk.bpdyn.rv32i.O2.p1s1.t10000.h4.bp3,0101,golden,PASS,20288302,earlier-identical
standard,full.rv32i.O2.p1s1.t10000.h4,0001,dut,PASS,150679860,comparison-line
standard,full.rv32i.O2.p1s1.t10000.h4,0001,golden,PASS,150679538,comparison-line
standard,full.rv32i.O2.p1s1.t10000.h4,0002,dut,PASS,150681774,comparison-line
validate,minimal.rv32i.O2.p1s1.t10000.h4,0001,dut,PASS,5169449,comparison-line
validate,minimal.rv32i.O2.p1s1.t10000.h4,0001,golden,PASS,5169441,comparison-line
validate,minimal.rv32i.O2.p1s1.t10000.h4,0002,dut,PASS,5159450,comparison-line
validate,minimal.rv32i.O2.p1s1.t10000.h4,0002,golden,PASS,5159440,comparison-line
validate,minimal.rv32i.O2.p1s1.t10000.h4,0003,dut,PASS,5189449,comparison-line
validate,minimal.rv32i.O2.p1s1.t10000.h4,0003,golden,PASS,5189441,comparison-line
validate,minimal.rv32i.O2.p1s1.t10000.h4,0004,dut,PASS,5159477,comparison-line
validate,minimal.rv32i.O2.p1s1.t10000.h4,0004,golden,PASS,5159469,comparison-line
validate,minimal.rv32i.O2.p1s1.t10000.h4,0005,dut,PASS,5179477,comparison-line
validate,minimal.rv32i.O2.p1s1.t10000.h4,0005,golden,PASS,5179466,comparison-line
validate,minimal.rv32i.O2.p1s1.t10000.h4,0006,dut,PASS,5169449,comparison-line
validate,minimal.rv32i.O2.p1s1.t10000.h4,0006,golden,PASS,5169441,comparison-line
validate,minimal.rv32i.O2.p1s1.t10000.h4,0007,dut,PASS,5179450,comparison-line
validate,minimal.rv32i.O2.p1s1.t10000.h4,0007,golden,PASS,5179441,comparison-line
validate,minimal.rv32i.O2.p1s1.t10000.h4,0008,dut,PASS,5189449,comparison-line
validate,minimal.rv32i.O2.p1s1.t10000.h4,0008,golden,PASS,5189441,comparison-line
