opt,variant,source,march,extra_flags,image_bytes,crypto_instrs,crypto_forms,crypto_counts,timed_cycles,output,ok,init_mem_sha256,out_elf_sha256
-O2,sha256_bench-rv32i,test/bench/sha256/sha256_bench.c,rv32i,,3504,0,0,,1378827,NIST 6/6 DIGEST 00128dedfa357517a7718b37759dde4126b85c8029573169136c8a1e3e8892e9 CYC 00150a0b BYTES 00004000,yes,eb4e1b855e198d9ea6265e9379723544f0cc7f42932ca663601fc80ccc7d3ef2,ff0bd075362fcdf90e6132d1d0704692dab56f5547547cd8791d2255f6748fbc
-O2,sha256_bench-rv32im_zba_zbb_zbs,test/bench/sha256/sha256_bench.c,rv32im_zba_zbb_zbs,,3160,0,0,,1038045,NIST 6/6 DIGEST 00128dedfa357517a7718b37759dde4126b85c8029573169136c8a1e3e8892e9 CYC 000fd6dd BYTES 00004000,yes,60d1da1c981415f5fbb5de3c95641ee12a419f99a341366d0d0359a14da91d5b,5d5f4862db5a9fff5924c6546e00c54e730cf5a80c27a0c5255c86e44e32f8c7
-O2,sha256_bench-rv32im_zba_zbb_zbkb_zbkx_zbs_zknh,test/bench/sha256/sha256_bench.c,rv32im_zba_zbb_zbkb_zbkx_zbs_zknh,,3036,4,4,sha256sig0=1 sha256sig1=1 sha256sum0=1 sha256sum1=1,815740,NIST 6/6 DIGEST 00128dedfa357517a7718b37759dde4126b85c8029573169136c8a1e3e8892e9 CYC 000c727c BYTES 00004000,yes,8edda7cb8f740d8398001964c758d5b99f8d4a104f74be009b88060e1f3a185d,0c327964a7e3a718f906035c643d167ff3cff8cdd9699bb79008bd5e07f6ebc1
-O2,sha256_long-rv32im_zba_zbb_zbkb_zbkx_zbs_zknh,test/bench/sha256/sha256_bench.c,rv32im_zba_zbb_zbkb_zbkx_zbs_zknh,-DLONG,3108,4,4,sha256sig0=1 sha256sig1=1 sha256sum0=1 sha256sum1=1,50521930,NIST 6/6 DIGEST cdc76e5c9914fb9281a1c7e284d73e67f1809a48a497200e046d39ccc7112cd0 CYC 0302e74a BYTES 000f4240,yes,7811e18e81be4705d1838d940c64a8a02a8bc935337f578161776817141702c8,3e349cc66c6fa1a5757a94d08b3461c9f4f9cbf3a8c8ccd3a1dc51e02894d010
-O2,crypto_diff,test/bench/sha256/crypto_diff.c,rv32i,,7548,43,17,pack=5 packh=4 brev8=2 zip=2 unzip=2 xperm4=2 xperm8=5 sha256sig0=2 sha256sig1=2 sha256sum0=2 sha256sum1=1 sha512sig0h=2 sha512sig0l=2 sha512sig1h=2 sha512sig1l=3 sha512sum0r=3 sha512sum1r=2,7058515,CASES 000021ad BAD 00000000 EXTRA 00000000 CSUM 017a39c8 CYCLES 006bb453,yes,aab93fa1fa454419ecec010b54c9cf6319890964703364ceb72d1c3808304ec4,a2278ab7257a5c5ae69500d48393cbea583a195b676abc4defeaa88f48d8e607
-O2,crypto_diff-B5297A4D,test/bench/sha256/crypto_diff.c,rv32i,-DSKIP_POOL -DN_RANDOM=400 -DSEED=0xB5297A4Du,7384,43,17,pack=5 packh=4 brev8=2 zip=2 unzip=2 xperm4=2 xperm8=5 sha256sig0=2 sha256sig1=2 sha256sum0=2 sha256sum1=1 sha512sig0h=2 sha512sig0l=2 sha512sig1h=2 sha512sig1l=3 sha512sum0r=3 sha512sum1r=2,5835097,CASES 00002015 BAD 00000000 EXTRA 00000000 CSUM 05e6f9ab CYCLES 00590959,yes,889245faeeaec626bab9f860c8935e719d989b1132e69528a2b3d92b38ce014a,06025129c88d1e9cf26dec5775cdf7b609f43ca40137d385c015673ddfd9a189
-O2,crypto_diff-1F123BB5,test/bench/sha256/crypto_diff.c,rv32i,-DSKIP_POOL -DN_RANDOM=400 -DSEED=0x1F123BB5u,7384,43,17,pack=5 packh=4 brev8=2 zip=2 unzip=2 xperm4=2 xperm8=5 sha256sig0=2 sha256sig1=2 sha256sum0=2 sha256sum1=1 sha512sig0h=2 sha512sig0l=2 sha512sig1h=2 sha512sig1l=3 sha512sum0r=3 sha512sum1r=2,5835013,CASES 00002015 BAD 00000000 EXTRA 00000000 CSUM faa16716 CYCLES 00590905,yes,9ff535ef9d996c01d79ed0e7bcc489415d4b8ce403831b08bb792a6c1ced1828,2899e1f47017d8122a84c4ef5de2a2b99955c972b50345fe462cf5cddc76658d
-O2,crypto_diff-9E3779B9,test/bench/sha256/crypto_diff.c,rv32i,-DSKIP_POOL -DN_RANDOM=400 -DSEED=0x9E3779B9u,7384,43,17,pack=5 packh=4 brev8=2 zip=2 unzip=2 xperm4=2 xperm8=5 sha256sig0=2 sha256sig1=2 sha256sum0=2 sha256sum1=1 sha512sig0h=2 sha512sig0l=2 sha512sig1h=2 sha512sig1l=3 sha512sum0r=3 sha512sum1r=2,5834745,CASES 00002015 BAD 00000000 EXTRA 00000000 CSUM a3d17314 CYCLES 005907f9,yes,13320de370373fef4f44b12f63ef18d33a557ea79484f7f0d3407af8e3f3ab9d,b0908b400e508234f79d56d3d8569714afd31abff926fbdb619953022475b10e
-Os,sha256_bench-rv32i,test/bench/sha256/sha256_bench.c,rv32i,,3068,0,0,,1379765,NIST 6/6 DIGEST 00128dedfa357517a7718b37759dde4126b85c8029573169136c8a1e3e8892e9 CYC 00150db5 BYTES 00004000,yes,dc06169644e865b282e8315103e910318225eefb4bbe000c284798ef55c29c36,0dae55c66e5003b2e03a5b45a7cdff984f6deb3d657db5b41dcdc8c273f48516
-Os,sha256_bench-rv32im_zba_zbb_zbs,test/bench/sha256/sha256_bench.c,rv32im_zba_zbb_zbs,,2740,0,0,,1048235,NIST 6/6 DIGEST 00128dedfa357517a7718b37759dde4126b85c8029573169136c8a1e3e8892e9 CYC 000ffeab BYTES 00004000,yes,de043aa5a9b45835c1f13d5eb4e49a3ccd8b239294f3b844ae1180be245f7a5a,ca3e1c244a4ac185cc47f1ceb49de04c3f65da0c48079e13fbf7fa88ff09159f
-Os,sha256_bench-rv32im_zba_zbb_zbkb_zbkx_zbs_zknh,test/bench/sha256/sha256_bench.c,rv32im_zba_zbb_zbkb_zbkx_zbs_zknh,,2640,4,4,sha256sig0=1 sha256sig1=1 sha256sum0=1 sha256sum1=1,815650,NIST 6/6 DIGEST 00128dedfa357517a7718b37759dde4126b85c8029573169136c8a1e3e8892e9 CYC 000c7222 BYTES 00004000,yes,d651cc2f606a3e41dcd7118f7935fda5e52f0f27dd5041bfde842c631718e29d,2b036a57791a8571bde373fc37e79baefe828c6e4d03a343e17f8f63874b71cc
-Os,sha256_long-rv32im_zba_zbb_zbkb_zbkx_zbs_zknh,test/bench/sha256/sha256_bench.c,rv32im_zba_zbb_zbkb_zbkx_zbs_zknh,-DLONG,2656,4,4,sha256sig0=1 sha256sig1=1 sha256sum0=1 sha256sum1=1,50865722,NIST 6/6 DIGEST cdc76e5c9914fb9281a1c7e284d73e67f1809a48a497200e046d39ccc7112cd0 CYC 0308263a BYTES 000f4240,yes,434bc8246f91bc8916febfb9d68e950f3b6894ed1011bc099b7b2cc96d578f9f,3ae9ab23bc5337225ffb74d190d10a6542513183c498105dbfa0276cdef8564f
-Os,crypto_diff,test/bench/sha256/crypto_diff.c,rv32i,,4752,41,17,pack=5 packh=3 brev8=2 zip=2 unzip=2 xperm4=2 xperm8=4 sha256sig0=2 sha256sig1=2 sha256sum0=2 sha256sum1=1 sha512sig0h=2 sha512sig0l=2 sha512sig1h=2 sha512sig1l=3 sha512sum0r=3 sha512sum1r=2,8616331,CASES 000021ad BAD 00000000 EXTRA 00000000 CSUM 9d1d1f21 CYCLES 0083798b,yes,0601e896490a5f83fa2f83dc307c3eeca1d86b97e0a7a53e166faa6374c34573,55617e4af3e8cd4cbf14fa68661877d6ee29982a4adfd1f1393717d4f5d32aef
-Os,crypto_diff-B5297A4D,test/bench/sha256/crypto_diff.c,rv32i,-DSKIP_POOL -DN_RANDOM=400 -DSEED=0xB5297A4Du,4360,41,17,pack=5 packh=3 brev8=2 zip=2 unzip=2 xperm4=2 xperm8=4 sha256sig0=2 sha256sig1=2 sha256sum0=2 sha256sum1=1 sha512sig0h=2 sha512sig0l=2 sha512sig1h=2 sha512sig1l=3 sha512sum0r=3 sha512sum1r=2,6896128,CASES 00002015 BAD 00000000 EXTRA 00000000 CSUM 3e38637c CYCLES 00693a00,yes,e2e94f85e4a92f521770669b43d781f65e0bdb8d82f16169e34c77f2ab0b5cc5,f551e0550f8902b773590c15331fd9b62ac4ceb64ea20b23b68102f7e41e21b7
-Os,crypto_diff-1F123BB5,test/bench/sha256/crypto_diff.c,rv32i,-DSKIP_POOL -DN_RANDOM=400 -DSEED=0x1F123BB5u,4360,41,17,pack=5 packh=3 brev8=2 zip=2 unzip=2 xperm4=2 xperm8=4 sha256sig0=2 sha256sig1=2 sha256sum0=2 sha256sum1=1 sha512sig0h=2 sha512sig0l=2 sha512sig1h=2 sha512sig1l=3 sha512sum0r=3 sha512sum1r=2,6896044,CASES 00002015 BAD 00000000 EXTRA 00000000 CSUM c17ffdc1 CYCLES 006939ac,yes,d0b64a44c7ee8a2b102fefeac778665c20d135122255aad2117ebc66d2ccf198,3c63ca59b277b401f3295bd0772c6850898bd98929df89112fb70fa753478219
-Os,crypto_diff-9E3779B9,test/bench/sha256/crypto_diff.c,rv32i,-DSKIP_POOL -DN_RANDOM=400 -DSEED=0x9E3779B9u,4360,41,17,pack=5 packh=3 brev8=2 zip=2 unzip=2 xperm4=2 xperm8=4 sha256sig0=2 sha256sig1=2 sha256sum0=2 sha256sum1=1 sha512sig0h=2 sha512sig0l=2 sha512sig1h=2 sha512sig1l=3 sha512sum0r=3 sha512sum1r=2,6895777,CASES 00002015 BAD 00000000 EXTRA 00000000 CSUM 980fe9c3 CYCLES 006938a1,yes,ade2a013e802c9d64e9d19c40b02357bceb09f059bd6400f1c8e567c6af926d2,7acaee6dbe5f884776185e20f24199170a15d6ae7ce56ae5c7c44804b0225e79
-O0,sha256_bench-rv32i,test/bench/sha256/sha256_bench.c,rv32i,,5120,0,0,,7586542,NIST 6/6 DIGEST 00128dedfa357517a7718b37759dde4126b85c8029573169136c8a1e3e8892e9 CYC 0073c2ee BYTES 00004000,yes,9d1c8df58581d37f41a0332640335b39ac1334ccd6bf2d8f868f2801fa61b113,20154622aae8af4aae4560564cdd6d473e89a88377895a659ef5c8cc1f4cb7fe
-O0,sha256_bench-rv32im_zba_zbb_zbs,test/bench/sha256/sha256_bench.c,rv32im_zba_zbb_zbs,,4888,0,0,,6677790,NIST 6/6 DIGEST 00128dedfa357517a7718b37759dde4126b85c8029573169136c8a1e3e8892e9 CYC 0065e51e BYTES 00004000,yes,490265a2dfc0224181bacebf0cc41c247a10c87e61530d100e33782325d2ad91,b6628a0e17357cbd82626960ec5aa7664a780f430ecae328b243769cdfa051fc
-O0,sha256_bench-rv32im_zba_zbb_zbkb_zbkx_zbs_zknh,test/bench/sha256/sha256_bench.c,rv32im_zba_zbb_zbkb_zbkx_zbs_zknh,,4632,4,4,sha256sig0=1 sha256sig1=1 sha256sum0=1 sha256sum1=1,3495102,NIST 6/6 DIGEST 00128dedfa357517a7718b37759dde4126b85c8029573169136c8a1e3e8892e9 CYC 003554be BYTES 00004000,yes,86c63006002870790f1b26ba9f2af0261cb6f2648057c96b484c03e8b8f72d18,f6029ea345793edbe70a05b9e7ae5bbf2f3379b3235a06d1d38ae300cb904da6
-O0,crypto_diff,test/bench/sha256/crypto_diff.c,rv32i,,7448,41,17,pack=5 packh=3 brev8=2 zip=2 unzip=2 xperm4=2 xperm8=4 sha256sig0=2 sha256sig1=2 sha256sum0=2 sha256sum1=1 sha512sig0h=2 sha512sig0l=2 sha512sig1h=2 sha512sig1l=3 sha512sum0r=3 sha512sum1r=2,32835904,CASES 000021ad BAD 00000000 EXTRA 00000000 CSUM 736ebfe4 CYCLES 01f50940,yes,a8ad3583f96282e177e5e43b1028c894dac66e48f25ec23cd3d5150526119ccc,b055841af15cfa001c53c4d0f2969e22689f0429a8fddb79d28486def0a23081
-O0,crypto_diff-B5297A4D,test/bench/sha256/crypto_diff.c,rv32i,-DSKIP_POOL -DN_RANDOM=400 -DSEED=0xB5297A4Du,6820,41,17,pack=5 packh=3 brev8=2 zip=2 unzip=2 xperm4=2 xperm8=4 sha256sig0=2 sha256sig1=2 sha256sum0=2 sha256sum1=1 sha512sig0h=2 sha512sig0l=2 sha512sig1h=2 sha512sig1l=3 sha512sum0r=3 sha512sum1r=2,27079377,CASES 00002015 BAD 00000000 EXTRA 00000000 CSUM ca24fbdc CYCLES 019d32d1,yes,ec69ff5e5728f75df2700962c8805992e353f6b74f3cfdc3a57a88e8fe63dbf4,0931e2a96447acbf9375ce74eff835741b7a12feef30ede0911bf2d24920dc73
-O0,crypto_diff-1F123BB5,test/bench/sha256/crypto_diff.c,rv32i,-DSKIP_POOL -DN_RANDOM=400 -DSEED=0x1F123BB5u,6820,41,17,pack=5 packh=3 brev8=2 zip=2 unzip=2 xperm4=2 xperm8=4 sha256sig0=2 sha256sig1=2 sha256sum0=2 sha256sum1=1 sha512sig0h=2 sha512sig0l=2 sha512sig1h=2 sha512sig1l=3 sha512sum0r=3 sha512sum1r=2,27079104,CASES 00002015 BAD 00000000 EXTRA 00000000 CSUM 35636561 CYCLES 019d31c0,yes,d1f9ed6be13cfd6de3209e2e0da374c5b9b510e8cf261cc26a03e6a7f4eaea26,1decc9b4766d554fde36ddf8353a443189b5c5dd88249ad30afb2b744730cfcc
-O0,crypto_diff-9E3779B9,test/bench/sha256/crypto_diff.c,rv32i,-DSKIP_POOL -DN_RANDOM=400 -DSEED=0x9E3779B9u,6820,41,17,pack=5 packh=3 brev8=2 zip=2 unzip=2 xperm4=2 xperm8=4 sha256sig0=2 sha256sig1=2 sha256sum0=2 sha256sum1=1 sha512sig0h=2 sha512sig0l=2 sha512sig1h=2 sha512sig1l=3 sha512sum0r=3 sha512sum1r=2,27078233,CASES 00002015 BAD 00000000 EXTRA 00000000 CSUM 6c137163 CYCLES 019d2e59,yes,09a68ef3f1ec0160f5734d85845e7b2123db17160fe3d10c48e0d64f576ec2d2,bdfc6174e61c0444dbe5271db79c03831c4175a9af582099d04c4da8f28d1c57
