opt,variant,source,march,extra_flags,image_bytes,zba_instrs,sh1add,sh2add,sh3add,timed_cycles,output,zba_diff_ok,init_mem_sha256,out_elf_sha256
-O2,zba_bench-rv32i,test/bench/zba/zba_bench.c,rv32i,,940,0,0,0,0,45350,CHK ca5f039c CYC 0000b126,,f48ccf25ba818f0b5250016e85ff6e2691ec716166fff2db431a9d5e87841279,85cc729f24abf49648bf0e2107aab47edc24e01f03f3ccfb3bc51e55448f1f5e
-O2,zba_bench-rv32i_zba,test/bench/zba/zba_bench.c,rv32i_zba,,868,16,5,6,5,36133,CHK ca5f039c CYC 00008d25,,5182e8e43f6966cdecf0f60bad70fa52eb1b3c9221db37c1f8064873e43656b7,f8397ab4f62fa4c8c35bb5a8329df8c38e5f206e52b19b94039849356cce22e7
-O2,zba_arr-rv32i,test/bench/zba/zba_arr.c,rv32i,,1680,0,0,0,0,23386,P1 2d47272d P2 d2b891fc P3 13f51b20 P4 5dc557b7 P5 5082b68e P6 7dc9f82d P7 356f0e1e P8 78565846 SUM 78565846 CYCLES 00005b5a,,d71dda8eb2e15d093dc40f814a0cccb3b8f615380de2f0543a31f26a5a30d39a,641142cd2d75b240c8ce2d4972de372b6d3a590271a4dc59605a79023b0a2741
-O2,zba_arr-rv32i_zba,test/bench/zba/zba_arr.c,rv32i_zba,,1576,27,7,13,7,22234,P1 2d47272d P2 d2b891fc P3 13f51b20 P4 5dc557b7 P5 5082b68e P6 7dc9f82d P7 356f0e1e P8 78565846 SUM 78565846 CYCLES 000056da,,01ee9bb1f063efa3d98a614e97f79ea194df0393391fde0d2c9c30595f19c57e,c84f77a97eed15f24ce59b7ff8294e882d75785bc3bd73b898cbee98d5b82129
-O2,zba_diff,test/bench/zba/zba_diff.c,rv32i,,2588,15,5,5,5,51127,CASES 00000e22 BAD 00000000 EXTRA 00000000 CSUM d3cb1e95 CYCLES 0000c7b7,yes,8faa431c106f39c464cf5c44278860d666b23a20b454c0394992c3825a9c975e,82804d644182bffaf0302ffdf0e0ca9d2ba55243899b8f92fa7f50f7e873d026
-O2,zba_diff-B5297A4D,test/bench/zba/zba_diff.c,rv32i,-DSKIP_POOL -DN_RANDOM=1400 -DSEED=0xB5297A4Du,2392,12,4,4,4,75441,CASES 0000110a BAD 00000000 EXTRA 00000000 CSUM 763675a3 CYCLES 000126b1,yes,e295f2bbb7e513d0e985136ec3301921e785e8777694deed02369637bd6b196e,6c00decdb3849d2cdcd2602fe4b73215333ae231db29580c62096e2899aea106
-O2,zba_diff-1F123BB5,test/bench/zba/zba_diff.c,rv32i,-DSKIP_POOL -DN_RANDOM=1400 -DSEED=0x1F123BB5u,2392,12,4,4,4,75439,CASES 0000110a BAD 00000000 EXTRA 00000000 CSUM bf7d075d CYCLES 000126af,yes,a502b116428e0c814365d3c332ad82ecb94e7030bb97619ec0eb989f14e63b92,8cddb0adb70447492dda87caf2c7a8364e7f7c1d1fc292aa06f7755657643924
-O2,zba_diff-9E3779B9,test/bench/zba/zba_diff.c,rv32i,-DSKIP_POOL -DN_RANDOM=1400 -DSEED=0x9E3779B9u,2392,12,4,4,4,75439,CASES 0000110a BAD 00000000 EXTRA 00000000 CSUM e3c933f4 CYCLES 000126af,yes,eddfbd0853b275cd4b39e42090d16d8a8e013651e191dc42e0580ee4bae86c17,fda1c073e675be3adb312427a5a23406d3ec99d289d262f24dd78e7835fb3ce5
-Os,zba_bench-rv32i,test/bench/zba/zba_bench.c,rv32i,,924,0,0,0,0,43814,CHK ca5f039c CYC 0000ab26,,2299215dd81249ab60de59b90903a1c7196fd412e73d426eec1ce4c4e2e4069a,ef323dbaa9e6b36abb8709c8da81beb823c8e5aec7d6ebc27c3597c3b67e6ded
-Os,zba_bench-rv32i_zba,test/bench/zba/zba_bench.c,rv32i_zba,,892,10,5,3,2,37670,CHK ca5f039c CYC 00009326,,3be624a11dc76d362c0512c4de49abdb93a83b3175ba6709fd549b63d7446f85,d18174610658ee2205cebf0ab04f330decf3eeb9d75c01a255ed4d0fb12503f5
-Os,zba_arr-rv32i,test/bench/zba/zba_arr.c,rv32i,,1652,0,0,0,0,24609,P1 2d47272d P2 d2b891fc P3 13f51b20 P4 5dc557b7 P5 5082b68e P6 7dc9f82d P7 356f0e1e P8 78565846 SUM 78565846 CYCLES 00006021,,deab845a7be5b2423c4dce81a98037943e4b5be61ebba19fe59c952ebd1c56f5,d03c24ac211b86243a43e979287f8ef15825511083fca27eb536adfa7b898f55
-Os,zba_arr-rv32i_zba,test/bench/zba/zba_arr.c,rv32i_zba,,1572,21,7,10,4,23329,P1 2d47272d P2 d2b891fc P3 13f51b20 P4 5dc557b7 P5 5082b68e P6 7dc9f82d P7 356f0e1e P8 78565846 SUM 78565846 CYCLES 00005b21,,eb12452de7329000627e27b4489a7b6f91e5d3289fb70e9ce58ce40f36890082,0fa2a7a9881b210b143b4fb1b3e39a3176d9f5278c020e240846871e2b844e1a
-Os,zba_diff,test/bench/zba/zba_diff.c,rv32i,,1956,15,5,5,5,40721,CASES 00000e22 BAD 00000000 EXTRA 00000000 CSUM d3cb1e95 CYCLES 00009f11,yes,147e71ac84cd0b6239afb7506a9436539aa2fb828f008570abb9dcca51c723d5,7181a4b212e3d131530c4748bcef035e70348d6965fe139e514833caecf35633
-Os,zba_diff-B5297A4D,test/bench/zba/zba_diff.c,rv32i,-DSKIP_POOL -DN_RANDOM=1400 -DSEED=0xB5297A4Du,1768,12,4,4,4,62803,CASES 0000110a BAD 00000000 EXTRA 00000000 CSUM 763675a3 CYCLES 0000f553,yes,77b34e37a28bc4b5ce6fa05238ba4d24ce9306bf1bd88241c7772e1df194871d,819dac70237f1c6631fab9abbe74326abcf327829bd355837b9ce964c04549c3
-Os,zba_diff-1F123BB5,test/bench/zba/zba_diff.c,rv32i,-DSKIP_POOL -DN_RANDOM=1400 -DSEED=0x1F123BB5u,1768,12,4,4,4,62801,CASES 0000110a BAD 00000000 EXTRA 00000000 CSUM bf7d075d CYCLES 0000f551,yes,56a21cd6fdaf7af95b7435e11389f727a10c8e454ece9ede88a329edaf15b7a7,16bbd7cb8c2fd8db81f225dc3d7694bba08fd893eff4ee8a6c6f26713a848fe1
-Os,zba_diff-9E3779B9,test/bench/zba/zba_diff.c,rv32i,-DSKIP_POOL -DN_RANDOM=1400 -DSEED=0x9E3779B9u,1768,12,4,4,4,62801,CASES 0000110a BAD 00000000 EXTRA 00000000 CSUM e3c933f4 CYCLES 0000f551,yes,e91bbbb8c873ff934b74697ad9e5522cde0448cc588a635363685918f2cd03fc,e541cb8c0dc2fe8639b6bbe81055d2aebe0f166d311538b3c6fcff3d99d75230
-O0,zba_bench-rv32i,test/bench/zba/zba_bench.c,rv32i,,1904,0,0,0,0,147659,CHK ca5f039c CYC 000240cb,,0df0dadc799e266f26204b625eb2a848a1b0afdb48c732723e9d6c0eddce2549,c7054902c922f7d611aceb0c12c961f470af52d690a77bb9c392f2b721c02b99
-O0,zba_bench-rv32i_zba,test/bench/zba/zba_bench.c,rv32i_zba,,1904,0,0,0,0,147659,CHK ca5f039c CYC 000240cb,,0df0dadc799e266f26204b625eb2a848a1b0afdb48c732723e9d6c0eddce2549,ed33dc0c2a589e564122a797e2333dcd3f6b4fb75cfe9b6ecfb1e7f78d828d0d
-O0,zba_arr-rv32i,test/bench/zba/zba_arr.c,rv32i,,3052,0,0,0,0,44089,P1 2d47272d P2 d2b891fc P3 13f51b20 P4 5dc557b7 P5 5082b68e P6 7dc9f82d P7 356f0e1e P8 78565846 SUM 78565846 CYCLES 0000ac39,,ee70215648aa2a0034065c3aac1cf65d7b3461c0c98d64a0211bfc48f0823d08,14e36d3cfca5943b5006c5d45e534670307ae76b1744f1607f4869a5910eadfc
-O0,zba_arr-rv32i_zba,test/bench/zba/zba_arr.c,rv32i_zba,,3052,0,0,0,0,44089,P1 2d47272d P2 d2b891fc P3 13f51b20 P4 5dc557b7 P5 5082b68e P6 7dc9f82d P7 356f0e1e P8 78565846 SUM 78565846 CYCLES 0000ac39,,ee70215648aa2a0034065c3aac1cf65d7b3461c0c98d64a0211bfc48f0823d08,d9193771e13a9fc78149a56f03dee8b5e8d2c0652429030c4009d8c703395f39
-O0,zba_diff,test/bench/zba/zba_diff.c,rv32i,,3384,15,5,5,5,144075,CASES 00000e22 BAD 00000000 EXTRA 00000000 CSUM d3cb1e95 CYCLES 000232cb,yes,b1cd4e15e0059940a43c95aa54c07ca5af26ad4d9353ba4850a495a2f1cc1a32,f6fb3392d30d268bc8db2e3ff3d44e6fd03f0a223804cf098628e96f2a7af16f
-O0,zba_diff-B5297A4D,test/bench/zba/zba_diff.c,rv32i,-DSKIP_POOL -DN_RANDOM=1400 -DSEED=0xB5297A4Du,2908,12,4,4,4,220660,CASES 0000110a BAD 00000000 EXTRA 00000000 CSUM 763675a3 CYCLES 00035df4,yes,fc027de91c5174d91c1b1aa4b47fe9c24ab2dd5e72acfce6501809f75e935861,482304bb6058f85e40187dde4aa50ca549a268ee35390011e691a00e5937344a
-O0,zba_diff-1F123BB5,test/bench/zba/zba_diff.c,rv32i,-DSKIP_POOL -DN_RANDOM=1400 -DSEED=0x1F123BB5u,2908,12,4,4,4,220660,CASES 0000110a BAD 00000000 EXTRA 00000000 CSUM bf7d075d CYCLES 00035df4,yes,843aeddf883128bc8ddfdb1b7c3fbf51baede9dc0c0ee70822ae01507153b24c,283252f3847dd445d8eb076e62f1bc3fd4cea8a1fef8fa9abf07adb75928edba
-O0,zba_diff-9E3779B9,test/bench/zba/zba_diff.c,rv32i,-DSKIP_POOL -DN_RANDOM=1400 -DSEED=0x9E3779B9u,2908,12,4,4,4,220660,CASES 0000110a BAD 00000000 EXTRA 00000000 CSUM e3c933f4 CYCLES 00035df4,yes,109f38d054761c2d5251e79026af9dc3e4e5815cba66424f9d59e617318471b1,f2bcea39326d397e9414f447f0da154020d81aee2dd2807e80f2b8ea237f80c6
